idMatch,teamWinner,pickRadiant1,pickRadiant2,pickRadiant3,pickRadiant4,pickRadiant5,pickDire1,pickDire2,pickDire3,pickDire4,pickDire5,numTeamFights,barracksRadiant,barracksDire
7108714468.0,Radiant,86.0,137.0,103.0,53.0,40.0,52.0,32.0,51.0,106.0,89.0,10.0,6.0,0.0
7108713191.0,Dire,85.0,128.0,11.0,110.0,48.0,100.0,105.0,30.0,53.0,45.0,5.0,3.0,6.0
7108689631.0,Radiant,43.0,86.0,84.0,60.0,126.0,64.0,105.0,38.0,35.0,10.0,0.0,6.0,4.0
7108683577.0,Dire,69.0,123.0,58.0,54.0,120.0,86.0,96.0,18.0,91.0,65.0,7.0,0.0,4.0
7108624003.0,Dire,74.0,86.0,136.0,10.0,108.0,43.0,46.0,100.0,75.0,53.0,2.0,3.0,6.0
7108603830.0,Radiant,85.0,128.0,129.0,70.0,25.0,5.0,110.0,137.0,6.0,22.0,6.0,6.0,5.0
7108603480.0,Radiant,86.0,71.0,100.0,74.0,47.0,87.0,43.0,62.0,106.0,67.0,15.0,6.0,4.0
7108586711.0,Radiant,85.0,5.0,32.0,9.0,25.0,38.0,58.0,64.0,41.0,69.0,6.0,6.0,2.0
7108552110.0,Dire,38.0,87.0,123.0,98.0,102.0,137.0,92.0,75.0,83.0,95.0,11.0,2.0,6.0
7108521153.0,Radiant,58.0,120.0,11.0,86.0,71.0,87.0,62.0,105.0,19.0,1.0,8.0,6.0,5.0
7108515473.0,Radiant,53.0,51.0,58.0,55.0,19.0,86.0,38.0,89.0,64.0,13.0,5.0,6.0,2.0
7108514375.0,Dire,112.0,33.0,97.0,70.0,7.0,27.0,22.0,14.0,10.0,25.0,2.0,5.0,6.0
7108483382.0,Radiant,137.0,92.0,75.0,77.0,31.0,38.0,87.0,86.0,22.0,70.0,6.0,6.0,2.0
7108477953.0,Radiant,83.0,18.0,1.0,135.0,50.0,101.0,41.0,126.0,33.0,12.0,0.0,4.0,4.0
7108444068.0,Dire,128.0,49.0,120.0,79.0,29.0,69.0,86.0,65.0,111.0,10.0,12.0,2.0,6.0
7108442912.0,Radiant,85.0,62.0,114.0,44.0,129.0,37.0,86.0,35.0,36.0,59.0,13.0,6.0,6.0
7108422410.0,Radiant,51.0,58.0,120.0,114.0,5.0,85.0,106.0,41.0,123.0,97.0,17.0,6.0,0.0
7108399394.0,Radiant,43.0,86.0,110.0,1.0,137.0,9.0,49.0,38.0,35.0,58.0,8.0,6.0,0.0
7108396296.0,Radiant,9.0,43.0,137.0,62.0,109.0,86.0,38.0,58.0,10.0,17.0,7.0,2.0,4.0
7108393736.0,Dire,86.0,96.0,64.0,69.0,13.0,87.0,98.0,109.0,51.0,36.0,4.0,2.0,6.0
7108389630.0,Radiant,86.0,74.0,71.0,42.0,23.0,90.0,31.0,75.0,19.0,41.0,7.0,6.0,6.0
7108378021.0,Dire,137.0,92.0,75.0,77.0,31.0,38.0,87.0,86.0,22.0,70.0,0.0,4.0,6.0
7108370799.0,Radiant,75.0,90.0,31.0,41.0,19.0,86.0,74.0,71.0,42.0,23.0,0.0,6.0,2.0
7108306227.0,Radiant,69.0,85.0,120.0,119.0,44.0,87.0,1.0,91.0,17.0,33.0,7.0,6.0,4.0
7108299098.0,Dire,85.0,74.0,18.0,9.0,38.0,53.0,51.0,87.0,70.0,120.0,13.0,2.0,2.0
7108293489.0,Dire,128.0,19.0,69.0,46.0,13.0,87.0,109.0,51.0,96.0,52.0,3.0,2.0,6.0
7108272061.0,Dire,1.0,64.0,119.0,137.0,39.0,61.0,123.0,93.0,85.0,19.0,4.0,2.0,6.0
7108263730.0,Radiant,45.0,62.0,32.0,80.0,47.0,58.0,71.0,87.0,51.0,67.0,9.0,6.0,4.0
7108258623.0,Dire,111.0,19.0,106.0,7.0,128.0,71.0,72.0,21.0,56.0,100.0,12.0,4.0,6.0
7108193697.0,Dire,1.0,85.0,9.0,123.0,21.0,58.0,70.0,77.0,105.0,32.0,5.0,4.0,6.0
7108189493.0,Radiant,69.0,110.0,87.0,109.0,49.0,86.0,92.0,137.0,75.0,67.0,4.0,6.0,2.0
7108183505.0,Radiant,91.0,87.0,11.0,97.0,61.0,9.0,45.0,28.0,20.0,52.0,5.0,6.0,2.0
7108181251.0,Dire,69.0,85.0,79.0,71.0,54.0,87.0,1.0,86.0,120.0,108.0,8.0,4.0,6.0
7108178256.0,Dire,69.0,119.0,87.0,28.0,95.0,85.0,74.0,1.0,123.0,104.0,10.0,0.0,6.0
7108159996.0,Radiant,1.0,64.0,119.0,49.0,40.0,61.0,87.0,51.0,32.0,114.0,7.0,6.0,0.0
7108131533.0,Radiant,5.0,101.0,104.0,106.0,46.0,96.0,86.0,75.0,95.0,74.0,7.0,6.0,6.0
7108130205.0,Dire,45.0,28.0,71.0,63.0,106.0,135.0,20.0,91.0,11.0,69.0,2.0,2.0,6.0
7108108199.0,Dire,123.0,9.0,96.0,105.0,114.0,86.0,1.0,135.0,85.0,129.0,8.0,3.0,6.0
7108107553.0,Dire,86.0,69.0,58.0,65.0,102.0,114.0,92.0,137.0,5.0,70.0,5.0,6.0,6.0
7108089461.0,Dire,69.0,106.0,128.0,87.0,14.0,74.0,85.0,119.0,10.0,51.0,7.0,2.0,6.0
7108078459.0,Dire,87.0,101.0,81.0,42.0,106.0,5.0,11.0,114.0,71.0,49.0,6.0,4.0,6.0
7108073860.0,Radiant,106.0,9.0,62.0,6.0,40.0,87.0,77.0,43.0,119.0,70.0,6.0,6.0,6.0
7108061130.0,Dire,64.0,91.0,99.0,67.0,92.0,31.0,20.0,14.0,28.0,46.0,14.0,4.0,6.0
7108024996.0,Radiant,61.0,87.0,123.0,53.0,38.0,86.0,114.0,64.0,32.0,89.0,10.0,4.0,4.0
7108016508.0,Dire,85.0,69.0,32.0,22.0,12.0,87.0,86.0,71.0,46.0,13.0,8.0,2.0,6.0
7107443140.0,Radiant,19.0,9.0,83.0,93.0,120.0,58.0,38.0,137.0,49.0,81.0,9.0,3.0,4.0
7107432346.0,Dire,100.0,43.0,58.0,108.0,12.0,114.0,109.0,52.0,51.0,39.0,8.0,0.0,6.0
7107429125.0,Radiant,58.0,49.0,87.0,59.0,23.0,86.0,29.0,9.0,77.0,100.0,6.0,6.0,3.0
7107412596.0,Radiant,64.0,49.0,123.0,19.0,95.0,53.0,105.0,72.0,17.0,70.0,9.0,6.0,0.0
7107391072.0,Dire,64.0,29.0,100.0,56.0,86.0,87.0,96.0,14.0,128.0,19.0,6.0,6.0,6.0
7107381422.0,Dire,58.0,52.0,100.0,54.0,76.0,106.0,9.0,85.0,43.0,93.0,12.0,3.0,2.0
7107367164.0,Dire,58.0,33.0,14.0,17.0,1.0,9.0,49.0,5.0,120.0,44.0,5.0,0.0,6.0
7107349124.0,Dire,123.0,9.0,33.0,95.0,52.0,30.0,86.0,49.0,12.0,106.0,9.0,2.0,6.0
7107348826.0,Radiant,100.0,120.0,58.0,109.0,17.0,43.0,106.0,136.0,31.0,114.0,7.0,6.0,0.0
7107328578.0,Radiant,30.0,86.0,49.0,12.0,106.0,123.0,9.0,33.0,95.0,52.0,0.0,4.0,4.0
7107315978.0,Dire,87.0,33.0,107.0,70.0,34.0,85.0,105.0,11.0,104.0,17.0,9.0,0.0,6.0
7107310732.0,Dire,87.0,53.0,120.0,85.0,11.0,100.0,43.0,64.0,137.0,12.0,2.0,6.0,6.0
7107305948.0,Radiant,33.0,87.0,42.0,136.0,111.0,85.0,105.0,123.0,66.0,18.0,0.0,4.0,4.0
7107275897.0,Dire,86.0,9.0,104.0,106.0,17.0,121.0,75.0,70.0,97.0,13.0,5.0,3.0,6.0
7107269660.0,Dire,43.0,137.0,3.0,41.0,26.0,100.0,120.0,86.0,30.0,109.0,9.0,0.0,6.0
7107236510.0,Dire,69.0,86.0,51.0,109.0,120.0,58.0,1.0,9.0,38.0,106.0,3.0,2.0,6.0
7107206258.0,Radiant,72.0,55.0,99.0,100.0,106.0,91.0,43.0,137.0,51.0,14.0,6.0,6.0,4.0
7107204452.0,Dire,86.0,69.0,87.0,35.0,48.0,9.0,110.0,52.0,2.0,11.0,2.0,4.0,6.0
7107194447.0,Radiant,29.0,128.0,37.0,28.0,83.0,10.0,90.0,3.0,54.0,17.0,0.0,4.0,4.0
7107181645.0,Dire,100.0,52.0,75.0,65.0,89.0,43.0,137.0,136.0,31.0,41.0,9.0,2.0,6.0
7107148787.0,Radiant,49.0,79.0,9.0,70.0,11.0,87.0,98.0,1.0,85.0,43.0,2.0,6.0,2.0
7107131367.0,Radiant,87.0,49.0,128.0,109.0,43.0,86.0,9.0,96.0,69.0,59.0,6.0,6.0,6.0
7107086104.0,Dire,55.0,87.0,137.0,98.0,114.0,91.0,1.0,51.0,99.0,49.0,6.0,2.0,6.0
7107044666.0,Radiant,96.0,87.0,10.0,123.0,22.0,86.0,129.0,18.0,30.0,49.0,5.0,6.0,4.0
7107041360.0,Dire,49.0,101.0,123.0,77.0,136.0,85.0,47.0,1.0,19.0,29.0,6.0,2.0,6.0
7107021612.0,Radiant,69.0,86.0,106.0,110.0,11.0,53.0,87.0,100.0,36.0,42.0,8.0,6.0,6.0
7106980837.0,Radiant,78.0,68.0,8.0,86.0,107.0,91.0,137.0,61.0,19.0,18.0,7.0,6.0,4.0
7106941302.0,Radiant,123.0,129.0,100.0,17.0,35.0,86.0,85.0,23.0,49.0,10.0,3.0,6.0,6.0
7106931987.0,Radiant,43.0,51.0,58.0,35.0,60.0,69.0,10.0,9.0,79.0,120.0,5.0,6.0,3.0
7106922932.0,Dire,85.0,69.0,70.0,76.0,9.0,73.0,58.0,14.0,25.0,89.0,11.0,1.0,6.0
7106910989.0,Radiant,58.0,38.0,13.0,119.0,109.0,65.0,85.0,123.0,44.0,16.0,3.0,6.0,2.0
7106907597.0,Dire,49.0,128.0,58.0,10.0,65.0,86.0,43.0,5.0,109.0,2.0,6.0,2.0,6.0
7106842899.0,Radiant,69.0,9.0,135.0,106.0,48.0,87.0,53.0,19.0,22.0,42.0,3.0,6.0,4.0
7106838521.0,Dire,51.0,128.0,11.0,69.0,49.0,85.0,61.0,119.0,106.0,32.0,9.0,4.0,6.0
7106766687.0,Dire,85.0,8.0,91.0,30.0,26.0,77.0,105.0,31.0,14.0,75.0,7.0,5.0,6.0
7106711893.0,Dire,49.0,9.0,75.0,52.0,109.0,86.0,69.0,114.0,107.0,53.0,6.0,2.0,6.0
7106706362.0,Radiant,85.0,106.0,104.0,105.0,32.0,100.0,21.0,23.0,93.0,128.0,19.0,6.0,2.0
7106705755.0,Dire,106.0,105.0,75.0,29.0,10.0,86.0,65.0,53.0,51.0,73.0,5.0,4.0,6.0
7106703700.0,Dire,49.0,9.0,85.0,70.0,65.0,86.0,69.0,10.0,79.0,17.0,5.0,0.0,6.0
7106669131.0,Radiant,9.0,60.0,128.0,32.0,33.0,38.0,86.0,74.0,87.0,136.0,4.0,6.0,6.0
7106657918.0,Dire,38.0,9.0,70.0,86.0,120.0,85.0,19.0,97.0,95.0,105.0,9.0,4.0,6.0
7106613100.0,Radiant,85.0,74.0,123.0,114.0,96.0,135.0,75.0,100.0,43.0,93.0,6.0,6.0,2.0
7106596798.0,Radiant,86.0,69.0,106.0,64.0,109.0,87.0,100.0,53.0,49.0,90.0,12.0,6.0,0.0
7106586165.0,Radiant,87.0,69.0,107.0,91.0,15.0,49.0,9.0,110.0,52.0,33.0,7.0,6.0,4.0
7106563613.0,Dire,5.0,9.0,60.0,11.0,120.0,85.0,101.0,54.0,28.0,25.0,5.0,6.0,6.0
7106552618.0,Dire,38.0,86.0,87.0,10.0,47.0,69.0,9.0,79.0,42.0,49.0,2.0,2.0,6.0
7106547264.0,Radiant,74.0,51.0,5.0,61.0,114.0,69.0,77.0,86.0,9.0,18.0,3.0,6.0,2.0
7106544137.0,Radiant,1.0,86.0,87.0,53.0,49.0,51.0,75.0,69.0,92.0,23.0,13.0,6.0,0.0
7106498597.0,Radiant,86.0,43.0,38.0,48.0,85.0,5.0,84.0,11.0,110.0,10.0,3.0,6.0,0.0
7106497287.0,Dire,69.0,9.0,114.0,23.0,128.0,86.0,89.0,87.0,120.0,81.0,4.0,1.0,6.0
7106488213.0,Dire,4.0,31.0,128.0,108.0,74.0,77.0,1.0,45.0,87.0,106.0,8.0,2.0,6.0
7106463166.0,Dire,85.0,74.0,54.0,9.0,49.0,135.0,75.0,51.0,21.0,70.0,9.0,4.0,6.0
7106432308.0,Radiant,87.0,112.0,16.0,86.0,62.0,91.0,38.0,114.0,54.0,22.0,13.0,6.0,4.0
7106414949.0,Radiant,120.0,75.0,114.0,87.0,19.0,90.0,111.0,99.0,9.0,52.0,13.0,6.0,4.0
7106400611.0,Radiant,19.0,137.0,6.0,87.0,97.0,86.0,43.0,64.0,106.0,35.0,8.0,6.0,0.0
7106394396.0,Dire,128.0,7.0,120.0,41.0,28.0,114.0,5.0,1.0,22.0,19.0,16.0,0.0,6.0
7106379372.0,Radiant,85.0,69.0,86.0,76.0,109.0,91.0,17.0,10.0,3.0,58.0,1.0,6.0,4.0
7106379217.0,Dire,97.0,119.0,22.0,70.0,20.0,86.0,111.0,104.0,107.0,73.0,12.0,0.0,6.0
7106370010.0,Radiant,85.0,120.0,41.0,47.0,19.0,86.0,5.0,135.0,102.0,74.0,14.0,6.0,0.0
7106364984.0,Dire,87.0,100.0,49.0,72.0,22.0,136.0,5.0,120.0,101.0,128.0,14.0,2.0,6.0
7106351487.0,Dire,58.0,65.0,86.0,38.0,11.0,43.0,19.0,120.0,5.0,35.0,5.0,0.0,6.0
7106345701.0,Radiant,62.0,123.0,68.0,89.0,17.0,85.0,43.0,11.0,51.0,19.0,5.0,6.0,5.0
7106337123.0,Dire,58.0,60.0,27.0,106.0,19.0,41.0,98.0,102.0,76.0,65.0,0.0,4.0,6.0
7106334677.0,Radiant,26.0,87.0,97.0,105.0,1.0,86.0,17.0,92.0,4.0,101.0,10.0,6.0,4.0
7106325920.0,Dire,31.0,128.0,16.0,35.0,86.0,85.0,123.0,62.0,76.0,10.0,7.0,6.0,6.0
7106325408.0,Dire,100.0,53.0,49.0,121.0,70.0,87.0,120.0,108.0,123.0,93.0,3.0,6.0,6.0
7106293270.0,Radiant,89.0,14.0,75.0,105.0,2.0,5.0,106.0,135.0,86.0,18.0,12.0,6.0,0.0
7106290010.0,Radiant,119.0,5.0,96.0,106.0,46.0,86.0,71.0,85.0,11.0,120.0,11.0,6.0,6.0
7106287207.0,Dire,61.0,86.0,13.0,54.0,85.0,5.0,137.0,19.0,1.0,33.0,7.0,0.0,6.0
7106282679.0,Radiant,86.0,129.0,108.0,31.0,64.0,45.0,9.0,20.0,41.0,36.0,13.0,6.0,2.0
7106252642.0,Radiant,5.0,71.0,81.0,23.0,109.0,128.0,137.0,19.0,55.0,89.0,9.0,6.0,6.0
7106246584.0,Dire,31.0,121.0,32.0,11.0,44.0,19.0,101.0,135.0,67.0,43.0,9.0,4.0,6.0
7106237209.0,Dire,76.0,89.0,84.0,58.0,77.0,86.0,96.0,5.0,70.0,13.0,3.0,0.0,6.0
7106216453.0,Dire,112.0,26.0,49.0,10.0,52.0,97.0,110.0,81.0,32.0,42.0,6.0,4.0,6.0
7106203613.0,Radiant,87.0,69.0,103.0,128.0,106.0,26.0,27.0,129.0,54.0,39.0,11.0,6.0,2.0
7106189699.0,Dire,83.0,6.0,128.0,16.0,2.0,85.0,12.0,120.0,114.0,135.0,8.0,2.0,6.0
7106182500.0,Radiant,53.0,58.0,7.0,43.0,98.0,86.0,106.0,64.0,69.0,81.0,2.0,6.0,6.0
7106176168.0,Radiant,51.0,87.0,38.0,93.0,109.0,100.0,43.0,19.0,23.0,53.0,7.0,6.0,4.0
7106170878.0,Radiant,75.0,104.0,68.0,8.0,17.0,86.0,30.0,11.0,97.0,21.0,8.0,6.0,2.0
7106156934.0,Dire,87.0,50.0,38.0,70.0,101.0,89.0,14.0,64.0,47.0,120.0,4.0,4.0,6.0
7106149812.0,Radiant,58.0,39.0,78.0,7.0,12.0,65.0,100.0,87.0,46.0,14.0,3.0,6.0,4.0
7106146337.0,Dire,110.0,4.0,77.0,62.0,23.0,128.0,136.0,9.0,42.0,13.0,7.0,4.0,6.0
7106140270.0,Radiant,9.0,71.0,128.0,6.0,126.0,31.0,51.0,123.0,46.0,100.0,10.0,6.0,4.0
7106116869.0,Dire,29.0,69.0,95.0,62.0,13.0,1.0,87.0,77.0,21.0,128.0,5.0,4.0,6.0
7106114176.0,Dire,9.0,64.0,44.0,101.0,129.0,71.0,21.0,84.0,46.0,19.0,6.0,4.0,6.0
7106006076.0,Radiant,69.0,87.0,11.0,33.0,49.0,86.0,96.0,10.0,83.0,39.0,4.0,6.0,2.0
7105982792.0,Radiant,87.0,100.0,128.0,129.0,95.0,86.0,108.0,105.0,81.0,104.0,5.0,6.0,6.0
7105966126.0,Dire,43.0,107.0,64.0,137.0,53.0,114.0,120.0,29.0,85.0,56.0,9.0,0.0,6.0
7105951159.0,Dire,87.0,137.0,123.0,6.0,69.0,86.0,135.0,100.0,10.0,84.0,5.0,4.0,6.0
7105943635.0,Radiant,100.0,86.0,135.0,62.0,67.0,19.0,123.0,43.0,10.0,120.0,2.0,6.0,4.0
7105919725.0,Radiant,58.0,137.0,128.0,23.0,46.0,100.0,51.0,9.0,70.0,114.0,7.0,6.0,0.0
7105917080.0,Radiant,100.0,123.0,49.0,48.0,17.0,86.0,135.0,107.0,93.0,114.0,6.0,6.0,4.0
7105908480.0,Dire,128.0,51.0,74.0,29.0,11.0,86.0,65.0,73.0,50.0,70.0,3.0,0.0,6.0
7105878739.0,Dire,58.0,137.0,128.0,13.0,42.0,100.0,52.0,41.0,64.0,105.0,8.0,2.0,6.0
7105878319.0,Radiant,30.0,88.0,97.0,95.0,8.0,86.0,64.0,137.0,35.0,13.0,3.0,6.0,4.0
7105861033.0,Dire,123.0,135.0,114.0,72.0,32.0,86.0,120.0,51.0,11.0,74.0,4.0,1.0,6.0
7105848690.0,Dire,87.0,55.0,96.0,6.0,91.0,38.0,123.0,70.0,5.0,23.0,9.0,0.0,6.0
7105818726.0,Dire,79.0,64.0,33.0,93.0,22.0,86.0,75.0,137.0,48.0,77.0,7.0,0.0,6.0
7105809825.0,Dire,69.0,87.0,123.0,13.0,41.0,86.0,114.0,100.0,72.0,135.0,2.0,6.0,6.0
7105804352.0,Dire,86.0,85.0,19.0,6.0,15.0,100.0,33.0,137.0,58.0,54.0,6.0,4.0,6.0
7105783526.0,Dire,91.0,70.0,31.0,96.0,34.0,87.0,60.0,123.0,102.0,22.0,8.0,2.0,6.0
7105754278.0,Radiant,9.0,103.0,49.0,6.0,86.0,87.0,123.0,43.0,93.0,7.0,5.0,6.0,4.0
7105687762.0,Radiant,9.0,49.0,128.0,106.0,93.0,51.0,102.0,30.0,17.0,10.0,5.0,6.0,4.0
7105681761.0,Radiant,128.0,114.0,47.0,1.0,39.0,85.0,43.0,19.0,10.0,4.0,7.0,6.0,2.0
7105651493.0,Dire,43.0,114.0,87.0,41.0,13.0,85.0,137.0,10.0,53.0,105.0,5.0,0.0,6.0
7105583870.0,Dire,69.0,123.0,64.0,52.0,46.0,87.0,114.0,17.0,91.0,96.0,8.0,0.0,6.0
7105578855.0,Radiant,100.0,20.0,11.0,48.0,49.0,105.0,71.0,87.0,22.0,10.0,6.0,6.0,2.0
7105552582.0,Radiant,78.0,105.0,85.0,6.0,19.0,75.0,87.0,96.0,10.0,65.0,6.0,6.0,2.0
7105518913.0,Dire,105.0,129.0,30.0,93.0,106.0,20.0,100.0,49.0,48.0,32.0,5.0,4.0,6.0
7105440338.0,Radiant,100.0,58.0,120.0,65.0,81.0,85.0,6.0,86.0,7.0,17.0,8.0,2.0,0.0
7105436638.0,Radiant,87.0,98.0,86.0,13.0,89.0,58.0,114.0,76.0,128.0,19.0,13.0,4.0,0.0
7105433176.0,Dire,96.0,86.0,64.0,120.0,95.0,85.0,77.0,87.0,1.0,16.0,9.0,2.0,6.0
7105404152.0,Radiant,43.0,19.0,9.0,76.0,44.0,87.0,49.0,69.0,114.0,1.0,5.0,6.0,0.0
7105336455.0,Dire,137.0,91.0,19.0,29.0,54.0,85.0,38.0,105.0,7.0,1.0,5.0,0.0,6.0
7105327130.0,Dire,85.0,47.0,136.0,18.0,19.0,6.0,51.0,119.0,38.0,34.0,11.0,0.0,6.0
7105301710.0,Dire,86.0,96.0,128.0,12.0,34.0,43.0,87.0,109.0,103.0,104.0,4.0,0.0,6.0
7105297414.0,Radiant,43.0,19.0,9.0,89.0,120.0,87.0,49.0,69.0,114.0,105.0,2.0,6.0,2.0
7105271070.0,Dire,86.0,38.0,70.0,19.0,111.0,69.0,87.0,74.0,114.0,40.0,9.0,2.0,4.0
7105258565.0,Dire,69.0,66.0,31.0,99.0,98.0,85.0,137.0,92.0,53.0,7.0,7.0,0.0,6.0
7105063745.0,Radiant,85.0,12.0,71.0,53.0,16.0,83.0,6.0,75.0,137.0,126.0,9.0,6.0,3.0
7105061736.0,Radiant,87.0,49.0,19.0,97.0,89.0,58.0,70.0,119.0,38.0,21.0,6.0,6.0,6.0
7105054238.0,Radiant,23.0,43.0,44.0,64.0,51.0,100.0,55.0,111.0,81.0,103.0,7.0,6.0,4.0
7105048914.0,Dire,33.0,84.0,14.0,106.0,46.0,87.0,72.0,9.0,71.0,11.0,3.0,2.0,6.0
7105047653.0,Dire,9.0,49.0,64.0,10.0,32.0,86.0,77.0,85.0,109.0,13.0,6.0,4.0,6.0
7105042370.0,Radiant,98.0,19.0,58.0,106.0,6.0,86.0,69.0,45.0,62.0,48.0,5.0,6.0,4.0
7105034573.0,Dire,64.0,51.0,44.0,43.0,23.0,111.0,100.0,103.0,55.0,81.0,1.0,4.0,6.0
7105019166.0,Dire,86.0,89.0,72.0,129.0,50.0,58.0,49.0,19.0,14.0,13.0,7.0,6.0,6.0
7105000278.0,Dire,71.0,87.0,100.0,105.0,11.0,33.0,5.0,54.0,120.0,43.0,11.0,4.0,6.0
7104993454.0,Radiant,86.0,63.0,16.0,9.0,22.0,100.0,128.0,31.0,11.0,17.0,9.0,6.0,6.0
7104986636.0,Dire,38.0,58.0,123.0,70.0,23.0,87.0,120.0,49.0,9.0,46.0,5.0,2.0,4.0
7104979837.0,Radiant,69.0,86.0,64.0,53.0,106.0,87.0,43.0,103.0,11.0,33.0,4.0,6.0,6.0
7104978462.0,Radiant,87.0,93.0,101.0,38.0,23.0,62.0,9.0,96.0,14.0,106.0,6.0,6.0,5.0
7104974814.0,Radiant,9.0,77.0,87.0,106.0,95.0,85.0,49.0,5.0,14.0,76.0,8.0,6.0,6.0
7104957110.0,Dire,84.0,51.0,30.0,22.0,109.0,105.0,71.0,120.0,86.0,61.0,9.0,4.0,6.0
7104942163.0,Dire,19.0,111.0,97.0,106.0,95.0,45.0,72.0,129.0,93.0,100.0,8.0,4.0,5.0
7104920879.0,Radiant,71.0,101.0,43.0,21.0,90.0,84.0,137.0,39.0,70.0,38.0,3.0,6.0,6.0
7104919784.0,Dire,58.0,38.0,64.0,67.0,126.0,51.0,60.0,120.0,119.0,14.0,5.0,2.0,6.0
7104903012.0,Radiant,87.0,108.0,52.0,75.0,42.0,135.0,3.0,76.0,54.0,43.0,7.0,6.0,4.0
7104901040.0,Radiant,87.0,72.0,76.0,135.0,114.0,62.0,123.0,31.0,86.0,136.0,18.0,6.0,0.0
7104900591.0,Dire,53.0,87.0,64.0,1.0,120.0,58.0,38.0,86.0,106.0,44.0,5.0,0.0,6.0
7104889270.0,Dire,84.0,17.0,57.0,137.0,10.0,19.0,75.0,43.0,93.0,100.0,4.0,4.0,6.0
7104876283.0,Radiant,58.0,61.0,64.0,39.0,93.0,9.0,100.0,128.0,1.0,2.0,5.0,6.0,2.0
7104863135.0,Dire,87.0,14.0,129.0,76.0,42.0,75.0,30.0,6.0,46.0,108.0,8.0,4.0,5.0
7104862975.0,Dire,85.0,1.0,49.0,101.0,135.0,62.0,9.0,105.0,109.0,114.0,6.0,4.0,6.0
7104851034.0,Radiant,53.0,19.0,5.0,17.0,47.0,87.0,137.0,114.0,110.0,49.0,3.0,6.0,4.0
7104847659.0,Radiant,110.0,87.0,43.0,7.0,46.0,86.0,5.0,62.0,100.0,4.0,4.0,6.0,6.0
7104825436.0,Dire,135.0,75.0,64.0,23.0,18.0,69.0,87.0,86.0,74.0,95.0,4.0,2.0,6.0
7104819480.0,Dire,86.0,128.0,6.0,96.0,21.0,101.0,110.0,71.0,70.0,129.0,10.0,4.0,6.0
7104813963.0,Dire,5.0,86.0,16.0,4.0,93.0,121.0,30.0,43.0,32.0,42.0,10.0,2.0,6.0
7104795511.0,Radiant,19.0,106.0,85.0,10.0,128.0,86.0,38.0,100.0,6.0,114.0,10.0,3.0,0.0
7104785997.0,Dire,64.0,54.0,123.0,60.0,46.0,51.0,111.0,9.0,11.0,65.0,8.0,4.0,6.0
7104782292.0,Dire,5.0,45.0,109.0,96.0,106.0,84.0,105.0,77.0,23.0,39.0,10.0,2.0,6.0
7104780023.0,Dire,32.0,9.0,49.0,91.0,55.0,62.0,87.0,106.0,53.0,4.0,8.0,2.0,6.0
7104760833.0,Dire,123.0,49.0,111.0,45.0,105.0,19.0,64.0,36.0,106.0,46.0,6.0,5.0,6.0
7104758170.0,Dire,9.0,77.0,91.0,52.0,128.0,5.0,21.0,97.0,106.0,41.0,2.0,6.0,6.0
7104755260.0,Radiant,110.0,106.0,9.0,62.0,34.0,86.0,10.0,102.0,76.0,29.0,3.0,6.0,6.0
7104730867.0,Dire,21.0,97.0,84.0,8.0,52.0,31.0,19.0,129.0,93.0,9.0,6.0,0.0,6.0
7104729939.0,Dire,5.0,119.0,81.0,106.0,6.0,9.0,104.0,1.0,91.0,52.0,5.0,6.0,6.0
7104725707.0,Radiant,21.0,19.0,50.0,64.0,17.0,13.0,12.0,11.0,56.0,89.0,0.0,6.0,4.0
7104717671.0,Radiant,87.0,69.0,9.0,17.0,54.0,85.0,114.0,19.0,90.0,13.0,5.0,6.0,6.0
7104555493.0,Radiant,75.0,19.0,38.0,46.0,13.0,86.0,77.0,44.0,31.0,17.0,14.0,6.0,2.0
7104554152.0,Dire,77.0,58.0,9.0,4.0,19.0,86.0,89.0,64.0,96.0,13.0,3.0,1.0,6.0
7104533510.0,Radiant,123.0,100.0,120.0,43.0,6.0,87.0,135.0,119.0,76.0,42.0,12.0,6.0,2.0
7104528222.0,Radiant,43.0,110.0,41.0,31.0,17.0,103.0,53.0,86.0,49.0,99.0,13.0,4.0,0.0
7104520296.0,Dire,51.0,77.0,9.0,4.0,22.0,85.0,128.0,96.0,46.0,106.0,11.0,1.0,6.0
7104514406.0,Radiant,49.0,58.0,9.0,106.0,1.0,86.0,69.0,128.0,120.0,10.0,6.0,6.0,0.0
7104504819.0,Dire,85.0,79.0,10.0,137.0,98.0,64.0,119.0,129.0,135.0,48.0,3.0,6.0,6.0
7104481344.0,Dire,86.0,5.0,49.0,7.0,35.0,43.0,103.0,19.0,99.0,59.0,7.0,2.0,6.0
7104439460.0,Radiant,75.0,120.0,79.0,29.0,48.0,87.0,43.0,6.0,51.0,69.0,3.0,6.0,0.0
7104421771.0,Dire,86.0,57.0,22.0,97.0,54.0,75.0,79.0,137.0,48.0,17.0,6.0,4.0,6.0
7104396886.0,Radiant,91.0,86.0,69.0,7.0,72.0,49.0,68.0,123.0,99.0,10.0,7.0,6.0,4.0
7104366413.0,Radiant,79.0,70.0,87.0,76.0,48.0,57.0,123.0,90.0,29.0,56.0,2.0,6.0,4.0
7104351357.0,Dire,114.0,85.0,52.0,33.0,69.0,49.0,128.0,111.0,13.0,77.0,5.0,2.0,6.0
7104308701.0,Radiant,86.0,128.0,135.0,110.0,136.0,85.0,45.0,96.0,54.0,22.0,3.0,6.0,5.0
7104250162.0,Radiant,69.0,9.0,75.0,95.0,100.0,58.0,1.0,53.0,51.0,23.0,3.0,6.0,1.0
7104215991.0,Radiant,37.0,19.0,106.0,98.0,81.0,101.0,129.0,120.0,119.0,10.0,7.0,6.0,4.0
7104210513.0,Dire,14.0,137.0,62.0,136.0,17.0,86.0,49.0,87.0,98.0,1.0,12.0,2.0,6.0
7104166598.0,Radiant,114.0,58.0,128.0,11.0,49.0,85.0,69.0,52.0,123.0,35.0,3.0,6.0,1.0
7104157219.0,Dire,86.0,70.0,9.0,69.0,2.0,87.0,38.0,123.0,53.0,34.0,2.0,6.0,6.0
7103853668.0,Dire,58.0,38.0,64.0,90.0,18.0,85.0,9.0,135.0,6.0,112.0,2.0,6.0,6.0
7103821198.0,Dire,87.0,49.0,51.0,47.0,45.0,9.0,137.0,4.0,100.0,36.0,3.0,5.0,6.0
7103801616.0,Dire,87.0,137.0,100.0,135.0,120.0,86.0,106.0,38.0,105.0,10.0,7.0,0.0,6.0
7103792017.0,Dire,69.0,6.0,86.0,51.0,22.0,49.0,58.0,128.0,33.0,67.0,4.0,4.0,6.0
7103789936.0,Dire,53.0,51.0,10.0,37.0,120.0,49.0,86.0,119.0,1.0,17.0,6.0,6.0,6.0
7103785428.0,Dire,1.0,87.0,19.0,65.0,128.0,91.0,70.0,58.0,13.0,93.0,8.0,4.0,6.0
7103778252.0,Radiant,1.0,85.0,105.0,106.0,62.0,86.0,43.0,51.0,13.0,95.0,9.0,6.0,2.0
7103772566.0,Radiant,128.0,19.0,58.0,65.0,81.0,86.0,43.0,46.0,96.0,39.0,6.0,5.0,2.0
7103767202.0,Radiant,119.0,106.0,58.0,61.0,6.0,85.0,36.0,9.0,5.0,10.0,8.0,6.0,4.0
7103743246.0,Dire,87.0,6.0,123.0,69.0,22.0,86.0,43.0,51.0,35.0,129.0,9.0,6.0,6.0
7103709947.0,Radiant,86.0,11.0,135.0,100.0,120.0,87.0,69.0,51.0,89.0,21.0,5.0,6.0,3.0
7103708715.0,Dire,135.0,9.0,5.0,32.0,70.0,86.0,137.0,102.0,123.0,53.0,6.0,4.0,6.0
7103690699.0,Dire,69.0,86.0,64.0,1.0,65.0,53.0,85.0,43.0,88.0,19.0,2.0,6.0,6.0
7103690103.0,Radiant,69.0,9.0,100.0,6.0,39.0,58.0,43.0,105.0,97.0,1.0,9.0,6.0,3.0
7103689033.0,Radiant,19.0,76.0,111.0,42.0,21.0,101.0,27.0,60.0,35.0,126.0,10.0,6.0,0.0
7103684913.0,Dire,64.0,2.0,90.0,18.0,119.0,86.0,85.0,76.0,95.0,38.0,7.0,0.0,6.0
7103674422.0,Radiant,38.0,123.0,103.0,46.0,19.0,86.0,85.0,70.0,96.0,76.0,5.0,6.0,2.0
7103669788.0,Dire,69.0,58.0,5.0,11.0,114.0,43.0,137.0,100.0,85.0,48.0,7.0,2.0,6.0
7103666623.0,Dire,77.0,86.0,26.0,4.0,11.0,87.0,89.0,120.0,9.0,49.0,2.0,0.0,6.0
7103658297.0,Radiant,58.0,77.0,137.0,128.0,17.0,14.0,5.0,39.0,10.0,69.0,8.0,6.0,4.0
7103647953.0,Dire,64.0,128.0,104.0,41.0,36.0,129.0,31.0,93.0,9.0,45.0,2.0,5.0,6.0
7103626460.0,Radiant,58.0,13.0,38.0,128.0,10.0,51.0,74.0,87.0,109.0,29.0,7.0,6.0,6.0
7103620261.0,Radiant,75.0,98.0,27.0,100.0,73.0,19.0,45.0,85.0,90.0,70.0,10.0,6.0,0.0
7103614680.0,Dire,86.0,53.0,64.0,74.0,40.0,38.0,103.0,105.0,11.0,49.0,6.0,2.0,6.0
7103609529.0,Radiant,69.0,86.0,91.0,102.0,100.0,119.0,55.0,74.0,26.0,48.0,4.0,6.0,6.0
7103606391.0,Radiant,87.0,85.0,106.0,35.0,4.0,38.0,58.0,59.0,136.0,93.0,3.0,6.0,6.0
7103605591.0,Radiant,86.0,28.0,18.0,84.0,106.0,21.0,111.0,81.0,29.0,17.0,6.0,6.0,4.0
7103597529.0,Dire,65.0,51.0,5.0,108.0,1.0,38.0,9.0,106.0,128.0,10.0,4.0,0.0,6.0
7103582540.0,Dire,43.0,9.0,106.0,68.0,42.0,58.0,38.0,52.0,91.0,41.0,7.0,1.0,6.0
7103570062.0,Radiant,87.0,38.0,5.0,70.0,17.0,86.0,106.0,85.0,6.0,96.0,8.0,6.0,6.0
7103569640.0,Radiant,3.0,23.0,137.0,67.0,120.0,86.0,38.0,101.0,70.0,47.0,10.0,6.0,6.0
7103568366.0,Dire,19.0,1.0,64.0,106.0,69.0,75.0,98.0,27.0,108.0,48.0,8.0,0.0,6.0
7103567392.0,Dire,87.0,11.0,97.0,72.0,52.0,84.0,20.0,9.0,100.0,39.0,6.0,4.0,6.0
7103534436.0,Dire,76.0,60.0,135.0,5.0,123.0,38.0,58.0,87.0,74.0,67.0,10.0,2.0,6.0
7103522205.0,Dire,121.0,71.0,27.0,19.0,56.0,29.0,38.0,9.0,80.0,48.0,7.0,2.0,6.0
7103519913.0,Dire,86.0,120.0,92.0,100.0,14.0,19.0,45.0,137.0,93.0,97.0,8.0,4.0,6.0
7103515485.0,Dire,5.0,129.0,54.0,72.0,46.0,64.0,123.0,96.0,41.0,106.0,12.0,2.0,6.0
7103515332.0,Radiant,86.0,120.0,10.0,51.0,98.0,58.0,69.0,128.0,19.0,4.0,3.0,6.0,0.0
7103491468.0,Radiant,31.0,72.0,62.0,70.0,80.0,100.0,86.0,97.0,23.0,109.0,8.0,6.0,4.0
7103481492.0,Dire,87.0,51.0,123.0,44.0,49.0,75.0,21.0,129.0,6.0,22.0,8.0,4.0,6.0
7103475403.0,Dire,83.0,54.0,79.0,71.0,52.0,135.0,75.0,21.0,10.0,17.0,11.0,2.0,6.0
7103451280.0,Radiant,87.0,63.0,21.0,6.0,19.0,5.0,51.0,109.0,55.0,13.0,6.0,6.0,6.0
7103443531.0,Dire,87.0,63.0,9.0,16.0,25.0,31.0,91.0,135.0,95.0,22.0,8.0,5.0,6.0
7103431087.0,Radiant,38.0,58.0,31.0,120.0,54.0,85.0,44.0,97.0,123.0,96.0,9.0,6.0,0.0
7103416468.0,Radiant,137.0,79.0,11.0,100.0,52.0,43.0,87.0,114.0,19.0,76.0,6.0,6.0,1.0
7103415590.0,Dire,85.0,119.0,89.0,106.0,46.0,86.0,75.0,52.0,22.0,35.0,12.0,4.0,6.0
7103409925.0,Radiant,100.0,19.0,90.0,111.0,93.0,31.0,121.0,54.0,108.0,52.0,12.0,6.0,4.0
7103398215.0,Dire,85.0,38.0,79.0,70.0,19.0,6.0,83.0,75.0,135.0,120.0,8.0,3.0,6.0
7103392818.0,Radiant,9.0,137.0,75.0,60.0,82.0,86.0,106.0,38.0,51.0,46.0,5.0,6.0,6.0
7103387512.0,Radiant,9.0,49.0,45.0,46.0,19.0,128.0,31.0,103.0,10.0,52.0,3.0,6.0,4.0
7103387006.0,Radiant,87.0,41.0,38.0,123.0,128.0,84.0,53.0,107.0,54.0,100.0,4.0,5.0,2.0
7103357128.0,Radiant,86.0,16.0,64.0,54.0,17.0,19.0,87.0,97.0,94.0,126.0,7.0,6.0,2.0
7103357038.0,Dire,84.0,110.0,69.0,63.0,35.0,87.0,30.0,9.0,104.0,120.0,5.0,6.0,6.0
7103277186.0,Dire,75.0,100.0,123.0,13.0,73.0,128.0,61.0,51.0,17.0,46.0,8.0,0.0,6.0
7103243315.0,Radiant,100.0,33.0,5.0,120.0,42.0,87.0,106.0,51.0,128.0,6.0,4.0,6.0,0.0
7103201065.0,Radiant,52.0,19.0,87.0,12.0,40.0,75.0,65.0,108.0,21.0,70.0,13.0,4.0,4.0
7103168118.0,Dire,9.0,123.0,120.0,95.0,98.0,86.0,135.0,19.0,109.0,87.0,7.0,6.0,6.0
7103154737.0,Dire,75.0,135.0,79.0,95.0,120.0,101.0,104.0,83.0,12.0,76.0,10.0,0.0,6.0
7103134442.0,Radiant,86.0,135.0,87.0,11.0,70.0,9.0,123.0,49.0,22.0,6.0,6.0,6.0,2.0
7103101946.0,Radiant,75.0,51.0,128.0,4.0,52.0,43.0,100.0,109.0,101.0,49.0,7.0,6.0,4.0
7102550059.0,Dire,110.0,137.0,103.0,53.0,81.0,114.0,43.0,51.0,6.0,38.0,3.0,1.0,6.0
7102543840.0,Dire,5.0,128.0,53.0,32.0,92.0,50.0,86.0,38.0,90.0,18.0,7.0,2.0,2.0
7102527725.0,Dire,58.0,96.0,119.0,18.0,69.0,75.0,30.0,7.0,93.0,10.0,3.0,5.0,6.0
7102490357.0,Radiant,91.0,137.0,49.0,58.0,136.0,53.0,7.0,64.0,4.0,90.0,5.0,6.0,2.0
7102489413.0,Dire,100.0,43.0,91.0,18.0,106.0,69.0,53.0,103.0,86.0,22.0,6.0,4.0,6.0
7102472683.0,Dire,85.0,106.0,104.0,101.0,81.0,9.0,32.0,120.0,95.0,108.0,7.0,0.0,6.0
7102471746.0,Radiant,86.0,78.0,121.0,106.0,81.0,87.0,120.0,102.0,123.0,137.0,8.0,6.0,2.0
7102467664.0,Dire,86.0,43.0,105.0,92.0,32.0,87.0,109.0,137.0,58.0,96.0,5.0,5.0,6.0
7102467488.0,Dire,69.0,21.0,35.0,11.0,71.0,87.0,86.0,81.0,19.0,109.0,13.0,0.0,6.0
7102461754.0,Radiant,86.0,38.0,50.0,13.0,136.0,5.0,4.0,87.0,106.0,47.0,12.0,6.0,6.0
7102414820.0,Radiant,58.0,49.0,105.0,29.0,120.0,53.0,65.0,100.0,110.0,46.0,8.0,6.0,4.0
7102403275.0,Dire,14.0,43.0,23.0,11.0,84.0,63.0,87.0,61.0,120.0,46.0,9.0,4.0,6.0
7102400334.0,Dire,49.0,9.0,136.0,35.0,17.0,58.0,38.0,6.0,79.0,19.0,2.0,5.0,6.0
7102396462.0,Radiant,100.0,52.0,30.0,73.0,23.0,75.0,6.0,106.0,86.0,77.0,7.0,2.0,4.0
7102394244.0,Dire,38.0,68.0,19.0,9.0,6.0,91.0,17.0,58.0,100.0,114.0,3.0,2.0,6.0
7102380282.0,Dire,110.0,2.0,91.0,1.0,17.0,85.0,89.0,128.0,52.0,21.0,8.0,2.0,6.0
7102380252.0,Dire,85.0,86.0,137.0,1.0,128.0,61.0,123.0,17.0,9.0,73.0,5.0,2.0,6.0
7102370483.0,Radiant,5.0,75.0,128.0,14.0,15.0,86.0,96.0,87.0,54.0,17.0,15.0,6.0,2.0
7102338447.0,Dire,71.0,101.0,32.0,105.0,11.0,90.0,86.0,49.0,54.0,13.0,10.0,2.0,6.0
7102315915.0,Dire,85.0,6.0,123.0,96.0,19.0,86.0,137.0,136.0,91.0,32.0,6.0,6.0,6.0
7102295311.0,Radiant,85.0,6.0,9.0,71.0,11.0,47.0,58.0,31.0,41.0,22.0,6.0,6.0,2.0
7102288142.0,Dire,65.0,53.0,87.0,86.0,54.0,39.0,64.0,51.0,137.0,102.0,9.0,4.0,3.0
7102286728.0,Radiant,53.0,85.0,88.0,74.0,89.0,86.0,69.0,17.0,75.0,77.0,4.0,6.0,4.0
7102283476.0,Radiant,86.0,64.0,46.0,28.0,39.0,100.0,90.0,111.0,76.0,18.0,9.0,6.0,2.0
7102282576.0,Dire,38.0,72.0,95.0,100.0,17.0,86.0,88.0,71.0,106.0,11.0,10.0,4.0,6.0
7102278093.0,Radiant,38.0,86.0,74.0,75.0,136.0,64.0,114.0,17.0,44.0,71.0,3.0,6.0,4.0
7102278085.0,Dire,86.0,33.0,49.0,9.0,76.0,91.0,52.0,71.0,55.0,99.0,4.0,2.0,6.0
7102273824.0,Dire,87.0,38.0,106.0,9.0,48.0,86.0,69.0,111.0,52.0,60.0,7.0,0.0,6.0
7102245315.0,Radiant,96.0,123.0,31.0,1.0,11.0,85.0,54.0,72.0,135.0,32.0,11.0,2.0,6.0
7102236884.0,Dire,90.0,51.0,31.0,93.0,100.0,75.0,27.0,129.0,41.0,11.0,6.0,4.0,6.0
7102233834.0,Dire,38.0,37.0,8.0,33.0,25.0,69.0,62.0,31.0,46.0,121.0,7.0,6.0,6.0
7102224348.0,Dire,11.0,100.0,51.0,43.0,39.0,69.0,85.0,58.0,44.0,119.0,7.0,0.0,6.0
7102223107.0,Radiant,87.0,98.0,114.0,11.0,32.0,61.0,123.0,64.0,1.0,120.0,2.0,6.0,4.0
7102223071.0,Radiant,38.0,9.0,87.0,46.0,114.0,58.0,120.0,96.0,79.0,6.0,2.0,6.0,2.0
7102222768.0,Radiant,49.0,58.0,105.0,65.0,34.0,86.0,85.0,19.0,11.0,36.0,7.0,6.0,4.0
7102221587.0,Radiant,65.0,53.0,75.0,100.0,80.0,39.0,136.0,87.0,137.0,12.0,5.0,4.0,6.0
7102200459.0,Radiant,49.0,9.0,128.0,33.0,22.0,87.0,43.0,109.0,102.0,32.0,6.0,6.0,4.0
7102196897.0,Dire,31.0,6.0,71.0,121.0,19.0,135.0,52.0,90.0,100.0,114.0,7.0,4.0,6.0
7102192368.0,Dire,87.0,30.0,1.0,51.0,120.0,86.0,90.0,16.0,106.0,80.0,7.0,4.0,6.0
7102183302.0,Dire,123.0,85.0,71.0,63.0,25.0,86.0,43.0,98.0,100.0,120.0,10.0,6.0,6.0
7102171141.0,Dire,47.0,76.0,83.0,71.0,135.0,9.0,100.0,21.0,1.0,120.0,11.0,2.0,6.0
7102153255.0,Radiant,87.0,123.0,4.0,8.0,106.0,100.0,53.0,64.0,81.0,19.0,3.0,5.0,3.0
7102146451.0,Radiant,21.0,107.0,36.0,100.0,35.0,86.0,43.0,97.0,74.0,92.0,13.0,6.0,4.0
7102128718.0,Radiant,101.0,49.0,64.0,114.0,129.0,87.0,6.0,102.0,100.0,25.0,13.0,6.0,0.0
7102128540.0,Radiant,98.0,9.0,71.0,32.0,11.0,86.0,1.0,111.0,52.0,108.0,12.0,6.0,2.0
7102116033.0,Radiant,87.0,19.0,123.0,10.0,43.0,119.0,121.0,96.0,42.0,46.0,8.0,6.0,2.0
7102115492.0,Radiant,87.0,114.0,31.0,98.0,52.0,96.0,86.0,85.0,95.0,90.0,5.0,6.0,0.0
7102104679.0,Dire,75.0,63.0,71.0,22.0,114.0,62.0,61.0,103.0,10.0,23.0,6.0,2.0,6.0
7102094591.0,Radiant,100.0,123.0,96.0,46.0,63.0,86.0,120.0,1.0,37.0,29.0,6.0,6.0,4.0
7102084578.0,Radiant,119.0,63.0,100.0,9.0,39.0,101.0,96.0,111.0,95.0,106.0,10.0,6.0,4.0
7102074883.0,Radiant,87.0,10.0,51.0,137.0,36.0,85.0,114.0,29.0,123.0,49.0,2.0,6.0,5.0
7102065461.0,Dire,100.0,63.0,69.0,110.0,67.0,83.0,114.0,71.0,6.0,128.0,13.0,4.0,6.0
7102054320.0,Radiant,9.0,20.0,51.0,128.0,84.0,100.0,103.0,30.0,42.0,22.0,8.0,6.0,6.0
7102038614.0,Dire,104.0,101.0,64.0,109.0,47.0,85.0,114.0,9.0,71.0,22.0,10.0,6.0,6.0
7102027790.0,Radiant,5.0,106.0,18.0,55.0,65.0,86.0,87.0,49.0,70.0,11.0,12.0,6.0,2.0
7102022156.0,Dire,87.0,128.0,69.0,10.0,45.0,100.0,84.0,72.0,76.0,46.0,9.0,2.0,6.0
7102009370.0,Dire,85.0,11.0,69.0,64.0,77.0,100.0,128.0,87.0,6.0,129.0,10.0,4.0,6.0
7102004765.0,Dire,49.0,6.0,84.0,128.0,129.0,69.0,9.0,64.0,77.0,32.0,0.0,6.0,6.0
7101996187.0,Dire,64.0,69.0,14.0,49.0,52.0,5.0,32.0,119.0,63.0,7.0,7.0,5.0,6.0
7101992529.0,Radiant,87.0,9.0,54.0,97.0,74.0,21.0,7.0,31.0,41.0,22.0,6.0,6.0,2.0
7101213460.0,Dire,86.0,114.0,5.0,32.0,22.0,87.0,43.0,6.0,85.0,65.0,11.0,0.0,6.0
7101170911.0,Radiant,33.0,51.0,64.0,89.0,120.0,85.0,6.0,9.0,69.0,13.0,10.0,6.0,3.0
7101159124.0,Dire,100.0,52.0,75.0,106.0,102.0,128.0,38.0,89.0,9.0,114.0,3.0,6.0,6.0
7101146267.0,Dire,43.0,87.0,58.0,10.0,106.0,85.0,6.0,30.0,7.0,74.0,3.0,2.0,6.0
7101136299.0,Radiant,69.0,6.0,87.0,79.0,13.0,51.0,43.0,110.0,67.0,49.0,12.0,6.0,2.0
7101131954.0,Dire,38.0,105.0,74.0,114.0,18.0,91.0,17.0,1.0,58.0,129.0,1.0,2.0,6.0
7101112256.0,Dire,47.0,106.0,9.0,51.0,97.0,85.0,21.0,58.0,43.0,1.0,12.0,3.0,6.0
7101096249.0,Dire,5.0,102.0,128.0,23.0,50.0,71.0,105.0,121.0,14.0,11.0,20.0,2.0,4.0
7101078951.0,Radiant,33.0,83.0,86.0,102.0,120.0,53.0,51.0,49.0,75.0,52.0,7.0,4.0,2.0
7101053662.0,Radiant,135.0,119.0,110.0,89.0,17.0,58.0,38.0,102.0,32.0,45.0,7.0,6.0,2.0
7101034131.0,Dire,86.0,49.0,123.0,53.0,128.0,75.0,85.0,50.0,51.0,21.0,7.0,4.0,6.0
7101034046.0,Dire,19.0,9.0,81.0,90.0,33.0,58.0,38.0,110.0,49.0,54.0,3.0,0.0,6.0
7101022838.0,Radiant,47.0,58.0,31.0,95.0,16.0,85.0,106.0,28.0,91.0,35.0,4.0,6.0,5.0
7101022350.0,Radiant,91.0,52.0,3.0,4.0,15.0,69.0,87.0,74.0,105.0,95.0,10.0,6.0,4.0
7101018664.0,Radiant,69.0,9.0,31.0,70.0,32.0,58.0,19.0,53.0,106.0,11.0,12.0,4.0,2.0
7101008272.0,Radiant,58.0,114.0,128.0,19.0,109.0,105.0,38.0,13.0,5.0,1.0,4.0,6.0,6.0
7100960425.0,Dire,58.0,69.0,9.0,46.0,81.0,86.0,120.0,11.0,3.0,40.0,2.0,2.0,6.0
7100940223.0,Dire,92.0,80.0,128.0,106.0,4.0,86.0,49.0,120.0,64.0,81.0,17.0,0.0,0.0
7100933988.0,Radiant,86.0,38.0,89.0,5.0,106.0,33.0,87.0,62.0,10.0,114.0,5.0,6.0,4.0
7100925218.0,Radiant,76.0,85.0,41.0,9.0,129.0,74.0,5.0,86.0,77.0,44.0,10.0,6.0,2.0
7100921893.0,Radiant,87.0,114.0,120.0,93.0,55.0,61.0,105.0,65.0,5.0,102.0,6.0,6.0,2.0
7100920410.0,Radiant,87.0,51.0,69.0,109.0,106.0,52.0,32.0,9.0,81.0,129.0,3.0,6.0,2.0
7100920055.0,Dire,53.0,64.0,13.0,32.0,81.0,38.0,128.0,51.0,19.0,44.0,5.0,4.0,6.0
7100895967.0,Radiant,91.0,30.0,110.0,96.0,137.0,100.0,62.0,84.0,9.0,17.0,8.0,6.0,4.0
7100875230.0,Radiant,19.0,32.0,87.0,39.0,6.0,31.0,135.0,27.0,103.0,100.0,5.0,6.0,4.0
7100859465.0,Radiant,105.0,137.0,85.0,65.0,102.0,86.0,120.0,101.0,2.0,93.0,5.0,6.0,3.0
7100852752.0,Dire,9.0,19.0,55.0,89.0,71.0,87.0,77.0,123.0,69.0,49.0,12.0,0.0,2.0
7100850614.0,Radiant,114.0,64.0,17.0,89.0,43.0,61.0,86.0,106.0,9.0,69.0,7.0,6.0,1.0
7100850298.0,Radiant,52.0,137.0,32.0,91.0,95.0,53.0,58.0,86.0,54.0,120.0,6.0,6.0,0.0
7100848654.0,Dire,100.0,63.0,29.0,106.0,62.0,86.0,30.0,43.0,59.0,36.0,12.0,6.0,6.0
7100839870.0,Radiant,86.0,69.0,128.0,65.0,6.0,87.0,53.0,105.0,48.0,32.0,14.0,4.0,2.0
7100835887.0,Dire,9.0,101.0,51.0,10.0,90.0,5.0,7.0,129.0,35.0,74.0,7.0,6.0,6.0
7100833691.0,Dire,51.0,64.0,135.0,61.0,114.0,137.0,9.0,54.0,128.0,2.0,7.0,6.0,6.0
7100803314.0,Radiant,86.0,38.0,106.0,58.0,41.0,87.0,128.0,19.0,49.0,73.0,10.0,2.0,4.0
7100802758.0,Dire,119.0,103.0,23.0,77.0,41.0,63.0,86.0,96.0,83.0,106.0,10.0,4.0,6.0
7100790959.0,Radiant,101.0,64.0,71.0,97.0,76.0,45.0,25.0,104.0,44.0,13.0,4.0,6.0,0.0
7100774241.0,Dire,51.0,43.0,75.0,39.0,93.0,137.0,128.0,9.0,1.0,60.0,6.0,6.0,6.0
7100768221.0,Dire,62.0,43.0,19.0,96.0,95.0,21.0,107.0,53.0,52.0,54.0,7.0,2.0,6.0
7100756630.0,Radiant,9.0,21.0,54.0,96.0,52.0,27.0,100.0,19.0,50.0,81.0,6.0,6.0,3.0
7100751036.0,Dire,38.0,9.0,110.0,95.0,59.0,87.0,77.0,1.0,123.0,106.0,2.0,0.0,4.0
7100732003.0,Dire,62.0,19.0,53.0,61.0,65.0,86.0,43.0,96.0,74.0,18.0,9.0,4.0,6.0
7100724675.0,Dire,137.0,9.0,47.0,100.0,81.0,51.0,64.0,41.0,136.0,21.0,7.0,2.0,6.0
7100719704.0,Radiant,86.0,30.0,41.0,16.0,106.0,75.0,128.0,135.0,42.0,19.0,12.0,6.0,6.0
7100701705.0,Radiant,9.0,90.0,38.0,100.0,54.0,84.0,88.0,39.0,17.0,109.0,5.0,6.0,4.0
7100682626.0,Radiant,111.0,19.0,45.0,97.0,1.0,9.0,68.0,76.0,93.0,100.0,10.0,6.0,4.0
7100676708.0,Radiant,51.0,43.0,123.0,28.0,95.0,137.0,1.0,128.0,9.0,29.0,5.0,6.0,0.0
7100670591.0,Dire,84.0,86.0,38.0,1.0,106.0,20.0,9.0,3.0,69.0,109.0,5.0,0.0,6.0
7100648799.0,Dire,19.0,63.0,112.0,51.0,36.0,64.0,91.0,99.0,76.0,11.0,6.0,4.0,6.0
7100634444.0,Dire,11.0,86.0,83.0,49.0,70.0,64.0,51.0,21.0,98.0,46.0,6.0,0.0,6.0
7100632172.0,Dire,49.0,105.0,87.0,1.0,23.0,5.0,97.0,22.0,11.0,19.0,3.0,0.0,6.0
7100621547.0,Radiant,87.0,128.0,129.0,70.0,17.0,45.0,22.0,77.0,54.0,25.0,5.0,6.0,6.0
7100599597.0,Radiant,5.0,121.0,71.0,46.0,120.0,105.0,54.0,87.0,129.0,23.0,12.0,6.0,4.0
7100596344.0,Dire,30.0,129.0,128.0,41.0,25.0,31.0,21.0,121.0,69.0,44.0,7.0,4.0,6.0
7100563925.0,Dire,123.0,69.0,9.0,4.0,36.0,43.0,83.0,114.0,136.0,17.0,9.0,0.0,6.0
7100525235.0,Dire,101.0,106.0,87.0,136.0,49.0,83.0,53.0,88.0,19.0,44.0,8.0,2.0,6.0
7100507427.0,Radiant,11.0,128.0,51.0,23.0,108.0,85.0,52.0,123.0,98.0,81.0,7.0,6.0,4.0
7100485062.0,Dire,35.0,85.0,87.0,120.0,69.0,43.0,101.0,137.0,9.0,44.0,7.0,0.0,6.0
7100472139.0,Dire,137.0,86.0,75.0,13.0,89.0,9.0,106.0,38.0,87.0,4.0,7.0,4.0,6.0
7100449974.0,Dire,50.0,121.0,98.0,6.0,35.0,105.0,29.0,57.0,49.0,17.0,10.0,2.0,4.0
7100438182.0,Dire,120.0,128.0,58.0,53.0,46.0,85.0,38.0,86.0,6.0,17.0,4.0,4.0,6.0
7100004723.0,Dire,80.0,86.0,20.0,29.0,18.0,43.0,51.0,31.0,101.0,12.0,15.0,2.0,6.0
7099989566.0,Dire,86.0,91.0,96.0,102.0,22.0,87.0,92.0,21.0,11.0,32.0,8.0,0.0,6.0
7099989455.0,Dire,33.0,87.0,100.0,1.0,98.0,53.0,38.0,58.0,123.0,32.0,4.0,2.0,6.0
7099981462.0,Dire,87.0,17.0,38.0,128.0,109.0,32.0,65.0,64.0,60.0,11.0,4.0,6.0,6.0
7099972924.0,Radiant,53.0,85.0,74.0,107.0,11.0,9.0,45.0,17.0,1.0,128.0,3.0,6.0,0.0
7099958426.0,Dire,48.0,92.0,135.0,106.0,100.0,38.0,86.0,37.0,59.0,102.0,11.0,0.0,6.0
7099928469.0,Radiant,58.0,120.0,75.0,109.0,108.0,87.0,106.0,114.0,43.0,4.0,3.0,6.0,0.0
7099923425.0,Dire,135.0,75.0,128.0,41.0,11.0,51.0,98.0,64.0,10.0,49.0,5.0,1.0,6.0
7099898476.0,Dire,53.0,51.0,111.0,13.0,67.0,52.0,65.0,136.0,91.0,46.0,4.0,5.0,6.0
7099876003.0,Dire,86.0,1.0,69.0,3.0,14.0,43.0,51.0,31.0,12.0,74.0,8.0,0.0,6.0
7099875329.0,Dire,14.0,64.0,22.0,55.0,49.0,53.0,19.0,80.0,45.0,54.0,6.0,0.0,6.0
7099870786.0,Dire,53.0,38.0,128.0,83.0,17.0,87.0,33.0,62.0,109.0,43.0,4.0,1.0,6.0
7099869267.0,Radiant,86.0,9.0,29.0,14.0,11.0,32.0,121.0,49.0,36.0,8.0,4.0,6.0,4.0
7099843373.0,Radiant,38.0,9.0,85.0,23.0,11.0,58.0,60.0,128.0,120.0,55.0,7.0,6.0,0.0
7099832986.0,Radiant,85.0,53.0,74.0,88.0,69.0,9.0,45.0,17.0,77.0,136.0,10.0,6.0,5.0
7099824006.0,Dire,85.0,104.0,76.0,105.0,54.0,51.0,64.0,135.0,98.0,1.0,6.0,0.0,6.0
7099804962.0,Radiant,38.0,36.0,83.0,86.0,41.0,87.0,58.0,76.0,137.0,95.0,11.0,6.0,1.0
7099769910.0,Dire,85.0,38.0,95.0,86.0,74.0,69.0,87.0,114.0,45.0,35.0,10.0,2.0,6.0
7099739048.0,Radiant,64.0,135.0,20.0,7.0,21.0,19.0,87.0,97.0,6.0,75.0,12.0,6.0,0.0
7099737087.0,Radiant,100.0,43.0,114.0,106.0,35.0,87.0,77.0,120.0,110.0,59.0,6.0,3.0,0.0
7099734508.0,Radiant,38.0,105.0,114.0,18.0,46.0,87.0,1.0,91.0,137.0,106.0,5.0,6.0,0.0
7099719324.0,Dire,64.0,86.0,96.0,41.0,13.0,83.0,6.0,51.0,47.0,129.0,7.0,2.0,6.0
7099710624.0,Radiant,86.0,30.0,47.0,113.0,36.0,87.0,26.0,99.0,92.0,17.0,16.0,2.0,0.0
7099707543.0,Dire,123.0,64.0,129.0,106.0,109.0,97.0,86.0,1.0,50.0,11.0,5.0,3.0,6.0
7099706006.0,Radiant,85.0,34.0,91.0,14.0,81.0,119.0,135.0,120.0,60.0,114.0,11.0,6.0,0.0
7099703010.0,Radiant,19.0,52.0,75.0,89.0,7.0,53.0,109.0,103.0,86.0,106.0,4.0,6.0,2.0
7099700756.0,Radiant,37.0,20.0,28.0,48.0,36.0,14.0,87.0,75.0,114.0,34.0,10.0,6.0,0.0
7099688962.0,Radiant,19.0,43.0,85.0,54.0,100.0,75.0,84.0,128.0,67.0,74.0,11.0,6.0,0.0
7099687620.0,Radiant,43.0,51.0,31.0,70.0,34.0,121.0,87.0,96.0,76.0,89.0,5.0,6.0,2.0
7099683300.0,Dire,38.0,87.0,85.0,114.0,19.0,86.0,69.0,6.0,100.0,17.0,7.0,0.0,6.0
7099667867.0,Dire,71.0,101.0,58.0,4.0,34.0,86.0,36.0,93.0,5.0,2.0,17.0,4.0,6.0
7099660367.0,Dire,64.0,101.0,35.0,135.0,106.0,58.0,31.0,100.0,72.0,32.0,12.0,6.0,6.0
7099632406.0,Dire,58.0,49.0,128.0,33.0,22.0,43.0,9.0,10.0,3.0,98.0,4.0,2.0,6.0
7099619826.0,Dire,89.0,128.0,7.0,47.0,13.0,61.0,137.0,114.0,50.0,102.0,3.0,2.0,6.0
7099606789.0,Dire,100.0,47.0,93.0,31.0,76.0,135.0,75.0,83.0,63.0,50.0,7.0,2.0,6.0
7099604345.0,Dire,19.0,111.0,44.0,97.0,103.0,75.0,30.0,129.0,93.0,46.0,5.0,4.0,6.0
7099599222.0,Radiant,85.0,120.0,77.0,26.0,54.0,65.0,19.0,9.0,23.0,62.0,8.0,6.0,3.0
7099584632.0,Dire,87.0,120.0,119.0,4.0,65.0,61.0,46.0,101.0,57.0,106.0,4.0,2.0,6.0
7099583578.0,Dire,58.0,49.0,103.0,10.0,55.0,87.0,93.0,29.0,119.0,34.0,5.0,1.0,6.0
7099579762.0,Radiant,86.0,1.0,31.0,137.0,49.0,61.0,123.0,46.0,110.0,100.0,4.0,6.0,0.0
7099568468.0,Dire,30.0,31.0,99.0,102.0,52.0,85.0,105.0,59.0,97.0,92.0,13.0,4.0,6.0
7099566537.0,Dire,27.0,64.0,97.0,19.0,67.0,14.0,9.0,105.0,109.0,106.0,10.0,2.0,6.0
7099550968.0,Dire,93.0,86.0,105.0,60.0,39.0,87.0,38.0,22.0,85.0,67.0,12.0,0.0,6.0
7099548073.0,Radiant,64.0,51.0,104.0,4.0,34.0,83.0,87.0,102.0,120.0,29.0,6.0,6.0,4.0
7099547508.0,Radiant,85.0,86.0,77.0,14.0,70.0,50.0,62.0,97.0,8.0,46.0,1.0,6.0,6.0
7099546846.0,Radiant,86.0,91.0,1.0,49.0,17.0,110.0,96.0,51.0,12.0,34.0,2.0,6.0,6.0
7099546214.0,Radiant,1.0,37.0,128.0,137.0,36.0,86.0,121.0,49.0,47.0,44.0,7.0,6.0,4.0
7099545585.0,Dire,100.0,84.0,135.0,11.0,35.0,121.0,87.0,97.0,46.0,44.0,12.0,2.0,6.0
7099543817.0,Dire,86.0,87.0,97.0,106.0,56.0,58.0,83.0,32.0,12.0,113.0,6.0,2.0,6.0
7099540487.0,Radiant,9.0,28.0,70.0,87.0,19.0,50.0,31.0,96.0,100.0,54.0,9.0,6.0,4.0
7099525565.0,Dire,121.0,31.0,54.0,28.0,22.0,87.0,91.0,135.0,95.0,52.0,9.0,1.0,6.0
7099480839.0,Radiant,85.0,65.0,92.0,107.0,80.0,87.0,69.0,86.0,1.0,17.0,11.0,2.0,2.0
7099479746.0,Radiant,76.0,85.0,41.0,128.0,32.0,5.0,100.0,53.0,74.0,67.0,8.0,6.0,2.0
7099471881.0,Radiant,5.0,89.0,9.0,49.0,104.0,61.0,106.0,64.0,123.0,22.0,10.0,6.0,0.0
7099468514.0,Radiant,62.0,58.0,98.0,1.0,86.0,85.0,49.0,52.0,101.0,11.0,5.0,6.0,0.0
7099454643.0,Radiant,86.0,53.0,64.0,43.0,34.0,69.0,123.0,106.0,103.0,109.0,4.0,6.0,3.0
7099452289.0,Dire,90.0,19.0,86.0,17.0,82.0,9.0,120.0,46.0,51.0,101.0,8.0,6.0,6.0
7099450974.0,Radiant,21.0,64.0,74.0,7.0,93.0,100.0,87.0,128.0,44.0,52.0,6.0,6.0,4.0
7099446731.0,Dire,128.0,51.0,137.0,109.0,21.0,43.0,86.0,1.0,5.0,55.0,7.0,2.0,6.0
7099444220.0,Dire,87.0,106.0,100.0,56.0,98.0,38.0,9.0,52.0,19.0,60.0,9.0,2.0,6.0
7098620305.0,Radiant,53.0,51.0,128.0,13.0,61.0,43.0,100.0,48.0,83.0,88.0,14.0,4.0,0.0
7098618206.0,Radiant,58.0,114.0,86.0,96.0,13.0,38.0,9.0,10.0,136.0,100.0,7.0,5.0,2.0
7098610992.0,Radiant,86.0,51.0,109.0,19.0,104.0,69.0,123.0,87.0,4.0,17.0,8.0,6.0,1.0
7098605748.0,Radiant,86.0,105.0,76.0,72.0,58.0,85.0,19.0,33.0,106.0,81.0,8.0,6.0,6.0
7098563860.0,Dire,87.0,100.0,128.0,106.0,73.0,86.0,61.0,123.0,19.0,67.0,5.0,6.0,6.0
7098563619.0,Dire,58.0,135.0,7.0,44.0,53.0,114.0,75.0,100.0,47.0,19.0,4.0,4.0,6.0
7098551636.0,Dire,58.0,77.0,19.0,9.0,42.0,87.0,120.0,14.0,123.0,104.0,11.0,4.0,6.0
7098541219.0,Radiant,99.0,123.0,58.0,89.0,86.0,85.0,79.0,33.0,6.0,17.0,8.0,6.0,5.0
7098532784.0,Radiant,135.0,137.0,86.0,77.0,53.0,87.0,106.0,123.0,51.0,4.0,6.0,6.0,0.0
7098530947.0,Dire,137.0,101.0,83.0,41.0,128.0,43.0,51.0,23.0,87.0,102.0,0.0,1.0,6.0
7098518889.0,Radiant,87.0,38.0,42.0,84.0,46.0,101.0,100.0,70.0,85.0,49.0,7.0,6.0,4.0
7098486183.0,Dire,87.0,123.0,100.0,2.0,42.0,128.0,86.0,69.0,70.0,10.0,3.0,6.0,6.0
7098485116.0,Radiant,100.0,51.0,74.0,101.0,81.0,128.0,137.0,87.0,23.0,67.0,14.0,5.0,0.0
7098463574.0,Dire,75.0,137.0,128.0,35.0,81.0,100.0,11.0,5.0,72.0,14.0,5.0,4.0,6.0
7098456322.0,Dire,5.0,90.0,137.0,58.0,14.0,38.0,101.0,86.0,93.0,19.0,7.0,4.0,6.0
7098451861.0,Dire,135.0,101.0,72.0,65.0,114.0,86.0,106.0,100.0,53.0,29.0,16.0,2.0,6.0
7098446482.0,Radiant,38.0,75.0,86.0,17.0,109.0,137.0,128.0,64.0,46.0,100.0,7.0,6.0,4.0
7098441216.0,Radiant,128.0,83.0,101.0,93.0,126.0,86.0,120.0,102.0,105.0,33.0,9.0,6.0,2.0
7098387517.0,Radiant,86.0,50.0,96.0,93.0,19.0,37.0,110.0,70.0,78.0,113.0,5.0,2.0,6.0
7098366672.0,Radiant,128.0,69.0,64.0,41.0,52.0,33.0,100.0,102.0,87.0,23.0,12.0,4.0,4.0
7098362762.0,Dire,85.0,120.0,9.0,38.0,10.0,51.0,128.0,137.0,86.0,89.0,16.0,0.0,6.0
7098351457.0,Radiant,38.0,86.0,87.0,80.0,90.0,9.0,11.0,69.0,100.0,46.0,9.0,6.0,0.0
7098346146.0,Dire,128.0,38.0,51.0,49.0,6.0,87.0,53.0,100.0,19.0,102.0,9.0,2.0,6.0
7098321624.0,Radiant,38.0,128.0,87.0,93.0,70.0,86.0,65.0,102.0,19.0,55.0,8.0,6.0,3.0
7098320606.0,Radiant,87.0,61.0,96.0,101.0,67.0,86.0,76.0,14.0,103.0,78.0,8.0,6.0,2.0
7098313941.0,Radiant,26.0,9.0,98.0,113.0,35.0,129.0,64.0,19.0,17.0,67.0,9.0,6.0,2.0
7098308956.0,Dire,64.0,12.0,135.0,119.0,43.0,69.0,86.0,5.0,34.0,6.0,6.0,0.0,3.0
7098268999.0,Dire,87.0,120.0,97.0,128.0,81.0,53.0,106.0,86.0,64.0,109.0,8.0,2.0,6.0
7098261155.0,Dire,38.0,85.0,86.0,65.0,70.0,53.0,100.0,58.0,52.0,14.0,7.0,4.0,6.0
7098252789.0,Dire,85.0,43.0,19.0,6.0,98.0,86.0,51.0,81.0,135.0,128.0,8.0,4.0,6.0
7098250087.0,Radiant,38.0,9.0,75.0,135.0,100.0,58.0,128.0,78.0,35.0,23.0,9.0,6.0,0.0
7098232978.0,Radiant,64.0,100.0,135.0,46.0,30.0,19.0,87.0,98.0,54.0,32.0,7.0,4.0,4.0
7098226473.0,Dire,86.0,98.0,54.0,64.0,49.0,137.0,87.0,19.0,43.0,94.0,5.0,0.0,4.0
7098178821.0,Radiant,64.0,86.0,21.0,98.0,1.0,85.0,128.0,104.0,89.0,34.0,6.0,0.0,0.0
7098158248.0,Dire,53.0,86.0,64.0,68.0,46.0,87.0,106.0,91.0,30.0,54.0,8.0,6.0,6.0
7098138020.0,Dire,114.0,57.0,63.0,5.0,123.0,126.0,76.0,58.0,6.0,101.0,11.0,4.0,6.0
7098128079.0,Dire,58.0,49.0,83.0,137.0,10.0,86.0,96.0,19.0,128.0,89.0,2.0,4.0,6.0
7098066832.0,Dire,85.0,18.0,123.0,104.0,120.0,75.0,135.0,5.0,54.0,39.0,8.0,0.0,6.0
7098050507.0,Dire,102.0,9.0,137.0,32.0,63.0,49.0,105.0,13.0,79.0,62.0,6.0,2.0,6.0
7098047054.0,Dire,21.0,87.0,100.0,54.0,47.0,72.0,105.0,51.0,97.0,34.0,15.0,5.0,6.0
7098032174.0,Radiant,86.0,106.0,109.0,5.0,97.0,19.0,58.0,49.0,36.0,54.0,7.0,6.0,6.0
7098020097.0,Radiant,19.0,53.0,86.0,76.0,69.0,87.0,137.0,49.0,128.0,17.0,6.0,6.0,4.0
7098009655.0,Dire,5.0,95.0,128.0,105.0,14.0,87.0,77.0,86.0,120.0,102.0,10.0,2.0,6.0
7097984912.0,Dire,128.0,31.0,76.0,135.0,105.0,11.0,126.0,21.0,111.0,28.0,8.0,4.0,6.0
7097954299.0,Dire,96.0,19.0,123.0,58.0,1.0,86.0,69.0,70.0,5.0,13.0,9.0,6.0,6.0
7097923377.0,Dire,87.0,128.0,100.0,47.0,109.0,4.0,51.0,86.0,53.0,50.0,13.0,3.0,6.0
7097918189.0,Radiant,85.0,6.0,120.0,86.0,71.0,31.0,43.0,5.0,61.0,18.0,13.0,0.0,0.0
7097901274.0,Dire,87.0,135.0,93.0,91.0,120.0,39.0,9.0,14.0,81.0,38.0,7.0,2.0,6.0
7097896725.0,Dire,33.0,19.0,86.0,74.0,46.0,87.0,120.0,75.0,70.0,129.0,13.0,0.0,6.0
7097896450.0,Radiant,86.0,120.0,49.0,64.0,46.0,87.0,106.0,137.0,105.0,54.0,9.0,6.0,2.0
7097854562.0,Dire,92.0,112.0,58.0,97.0,60.0,87.0,77.0,72.0,120.0,89.0,6.0,5.0,6.0
7097840971.0,Radiant,86.0,39.0,35.0,84.0,126.0,87.0,58.0,104.0,19.0,46.0,8.0,6.0,6.0
7097805243.0,Radiant,69.0,86.0,31.0,43.0,54.0,64.0,70.0,2.0,19.0,110.0,15.0,6.0,2.0
7097803820.0,Dire,49.0,9.0,85.0,35.0,136.0,87.0,69.0,33.0,62.0,32.0,8.0,2.0,6.0
7097768492.0,Radiant,87.0,104.0,58.0,103.0,13.0,123.0,39.0,114.0,5.0,17.0,11.0,6.0,2.0
7097737979.0,Radiant,96.0,123.0,100.0,36.0,63.0,86.0,106.0,83.0,129.0,8.0,12.0,6.0,2.0
7097737272.0,Dire,85.0,106.0,90.0,99.0,44.0,64.0,2.0,119.0,43.0,18.0,1.0,6.0,6.0
7097724249.0,Dire,19.0,128.0,37.0,70.0,65.0,114.0,92.0,1.0,31.0,76.0,3.0,0.0,6.0
7097709818.0,Radiant,86.0,102.0,32.0,10.0,9.0,3.0,20.0,110.0,16.0,66.0,7.0,6.0,2.0
7096762457.0,Dire,86.0,96.0,14.0,98.0,128.0,87.0,61.0,19.0,104.0,36.0,8.0,5.0,6.0
7096684364.0,Dire,87.0,85.0,110.0,41.0,123.0,101.0,96.0,86.0,73.0,19.0,6.0,3.0,6.0
7096675042.0,Dire,49.0,110.0,84.0,70.0,120.0,86.0,97.0,64.0,6.0,106.0,4.0,2.0,6.0
7096657887.0,Radiant,49.0,86.0,85.0,10.0,98.0,87.0,120.0,33.0,51.0,102.0,4.0,6.0,2.0
7096652585.0,Radiant,69.0,86.0,64.0,4.0,59.0,58.0,43.0,93.0,45.0,106.0,1.0,6.0,2.0
7096622209.0,Radiant,96.0,93.0,9.0,58.0,11.0,85.0,19.0,104.0,101.0,4.0,8.0,6.0,4.0
7096590886.0,Dire,85.0,128.0,11.0,6.0,97.0,119.0,87.0,43.0,17.0,35.0,5.0,4.0,6.0
7096544962.0,Dire,58.0,1.0,17.0,128.0,33.0,61.0,105.0,28.0,64.0,93.0,5.0,5.0,6.0
7096537903.0,Radiant,128.0,19.0,43.0,35.0,51.0,85.0,106.0,6.0,9.0,137.0,2.0,6.0,4.0
7096535640.0,Radiant,91.0,30.0,43.0,114.0,104.0,101.0,96.0,87.0,1.0,76.0,5.0,6.0,6.0
7096463953.0,Radiant,69.0,5.0,91.0,52.0,4.0,64.0,13.0,93.0,2.0,9.0,4.0,6.0,0.0
7096418437.0,Dire,86.0,93.0,31.0,25.0,61.0,92.0,75.0,128.0,120.0,104.0,4.0,6.0,6.0
7096398453.0,Dire,128.0,7.0,64.0,19.0,109.0,61.0,45.0,9.0,106.0,102.0,5.0,2.0,6.0
7096371015.0,Radiant,47.0,106.0,84.0,79.0,93.0,64.0,136.0,119.0,17.0,77.0,6.0,6.0,6.0
7096335343.0,Dire,85.0,19.0,96.0,9.0,6.0,61.0,123.0,93.0,31.0,106.0,10.0,4.0,6.0
7096315021.0,Radiant,85.0,75.0,31.0,81.0,97.0,86.0,53.0,87.0,93.0,74.0,15.0,6.0,2.0
7096257557.0,Dire,106.0,70.0,104.0,101.0,87.0,49.0,69.0,5.0,114.0,79.0,6.0,5.0,6.0
7096243216.0,Radiant,86.0,96.0,85.0,120.0,35.0,87.0,43.0,53.0,51.0,33.0,6.0,6.0,4.0
7096216994.0,Radiant,53.0,103.0,100.0,106.0,114.0,87.0,17.0,64.0,69.0,102.0,15.0,2.0,4.0
7096191694.0,Radiant,43.0,100.0,30.0,13.0,136.0,87.0,109.0,123.0,77.0,126.0,15.0,4.0,2.0
7096184232.0,Radiant,86.0,135.0,11.0,83.0,74.0,92.0,69.0,128.0,18.0,50.0,12.0,6.0,0.0
7096163516.0,Dire,137.0,53.0,110.0,72.0,17.0,87.0,100.0,114.0,33.0,39.0,4.0,2.0,6.0
7096161547.0,Radiant,2.0,64.0,70.0,43.0,119.0,69.0,106.0,85.0,10.0,123.0,9.0,6.0,4.0
7096093170.0,Dire,86.0,128.0,96.0,73.0,75.0,87.0,120.0,114.0,123.0,106.0,10.0,4.0,6.0
7096088700.0,Dire,64.0,61.0,49.0,9.0,67.0,69.0,86.0,5.0,11.0,14.0,2.0,0.0,6.0
7096082868.0,Radiant,58.0,38.0,10.0,87.0,120.0,51.0,43.0,72.0,1.0,90.0,5.0,6.0,2.0
7096055748.0,Dire,87.0,19.0,97.0,44.0,43.0,17.0,5.0,90.0,11.0,71.0,13.0,4.0,6.0
7096048302.0,Radiant,100.0,17.0,72.0,10.0,39.0,86.0,22.0,136.0,97.0,70.0,7.0,6.0,4.0
7096036248.0,Radiant,87.0,49.0,9.0,93.0,120.0,86.0,38.0,64.0,43.0,70.0,5.0,6.0,2.0
7096031997.0,Dire,102.0,86.0,123.0,32.0,44.0,87.0,1.0,19.0,128.0,55.0,7.0,4.0,6.0
7096015789.0,Radiant,53.0,100.0,106.0,87.0,46.0,85.0,137.0,10.0,119.0,76.0,4.0,6.0,4.0
7096009077.0,Dire,86.0,102.0,71.0,63.0,74.0,29.0,53.0,69.0,11.0,96.0,6.0,3.0,6.0
7096003315.0,Dire,39.0,46.0,14.0,90.0,45.0,19.0,101.0,129.0,72.0,11.0,12.0,2.0,6.0
7096001689.0,Dire,76.0,83.0,86.0,93.0,16.0,135.0,75.0,64.0,4.0,74.0,9.0,0.0,6.0
7095972196.0,Dire,101.0,107.0,14.0,41.0,106.0,39.0,119.0,73.0,6.0,93.0,6.0,4.0,6.0
7095963800.0,Dire,53.0,43.0,107.0,128.0,106.0,86.0,49.0,64.0,22.0,4.0,6.0,1.0,6.0
7095961091.0,Dire,69.0,96.0,53.0,51.0,35.0,97.0,21.0,5.0,73.0,74.0,9.0,5.0,6.0
7095957771.0,Dire,86.0,74.0,97.0,83.0,44.0,50.0,114.0,32.0,123.0,96.0,10.0,2.0,6.0
7095950774.0,Radiant,11.0,85.0,123.0,1.0,43.0,69.0,75.0,128.0,84.0,104.0,9.0,6.0,1.0
7095943730.0,Dire,106.0,58.0,87.0,43.0,90.0,86.0,49.0,114.0,64.0,40.0,6.0,0.0,6.0
7095927587.0,Dire,87.0,21.0,96.0,95.0,49.0,32.0,86.0,26.0,93.0,3.0,9.0,4.0,6.0
7095916108.0,Dire,18.0,86.0,96.0,1.0,105.0,63.0,71.0,87.0,120.0,11.0,7.0,4.0,6.0
7095910693.0,Radiant,86.0,114.0,1.0,50.0,21.0,19.0,87.0,43.0,59.0,32.0,6.0,4.0,2.0
7095891842.0,Dire,85.0,10.0,11.0,71.0,55.0,135.0,75.0,69.0,51.0,70.0,6.0,4.0,6.0
7095886536.0,Radiant,37.0,51.0,67.0,22.0,40.0,21.0,7.0,64.0,1.0,17.0,7.0,6.0,3.0
7095874315.0,Radiant,43.0,7.0,9.0,106.0,113.0,6.0,85.0,86.0,87.0,55.0,7.0,6.0,0.0
7095871594.0,Radiant,63.0,71.0,85.0,86.0,62.0,97.0,9.0,104.0,11.0,105.0,11.0,6.0,5.0
7095845015.0,Dire,135.0,27.0,100.0,89.0,76.0,75.0,112.0,53.0,41.0,36.0,12.0,6.0,6.0
7095841184.0,Radiant,85.0,49.0,128.0,11.0,70.0,69.0,64.0,98.0,88.0,54.0,5.0,6.0,0.0
7095834494.0,Radiant,87.0,32.0,123.0,135.0,25.0,86.0,114.0,85.0,6.0,71.0,24.0,5.0,4.0
7095833996.0,Dire,19.0,75.0,71.0,44.0,35.0,5.0,96.0,110.0,46.0,52.0,6.0,3.0,6.0
7095823362.0,Dire,85.0,89.0,9.0,69.0,19.0,51.0,53.0,87.0,55.0,86.0,5.0,2.0,6.0
7095813291.0,Radiant,86.0,21.0,8.0,62.0,23.0,100.0,101.0,129.0,89.0,35.0,4.0,6.0,6.0
7095798537.0,Radiant,5.0,71.0,43.0,109.0,13.0,84.0,86.0,77.0,114.0,66.0,4.0,6.0,0.0
7095787652.0,Dire,86.0,102.0,123.0,21.0,63.0,87.0,114.0,17.0,101.0,6.0,10.0,6.0,6.0
7095781904.0,Radiant,76.0,6.0,86.0,83.0,104.0,18.0,128.0,87.0,47.0,67.0,8.0,2.0,2.0
7095779155.0,Dire,87.0,7.0,42.0,9.0,22.0,121.0,31.0,129.0,93.0,45.0,4.0,4.0,6.0
7095771180.0,Radiant,86.0,135.0,120.0,128.0,42.0,5.0,61.0,100.0,9.0,41.0,4.0,6.0,0.0
7095762637.0,Radiant,84.0,43.0,51.0,10.0,30.0,5.0,69.0,9.0,6.0,106.0,6.0,6.0,4.0
7095755092.0,Radiant,52.0,101.0,63.0,64.0,100.0,9.0,31.0,81.0,49.0,121.0,5.0,6.0,4.0
7094676489.0,Dire,43.0,19.0,85.0,126.0,93.0,87.0,6.0,62.0,74.0,47.0,9.0,0.0,6.0
7094671314.0,Dire,32.0,71.0,104.0,64.0,41.0,62.0,9.0,87.0,95.0,47.0,7.0,2.0,6.0
7094664083.0,Radiant,51.0,75.0,86.0,32.0,14.0,5.0,38.0,58.0,13.0,89.0,11.0,6.0,4.0
7094635697.0,Dire,43.0,51.0,5.0,35.0,13.0,87.0,6.0,96.0,86.0,22.0,7.0,2.0,6.0
7094633633.0,Radiant,137.0,86.0,1.0,98.0,33.0,61.0,85.0,23.0,128.0,41.0,5.0,6.0,4.0
7094623451.0,Dire,43.0,100.0,87.0,59.0,53.0,86.0,51.0,4.0,126.0,47.0,5.0,6.0,6.0
7094618119.0,Dire,123.0,87.0,86.0,71.0,67.0,100.0,63.0,28.0,120.0,10.0,9.0,2.0,6.0
7094589188.0,Radiant,86.0,20.0,38.0,27.0,111.0,100.0,101.0,129.0,89.0,35.0,6.0,6.0,2.0
7094579094.0,Dire,64.0,70.0,49.0,9.0,39.0,2.0,123.0,31.0,67.0,100.0,11.0,2.0,6.0
7094575897.0,Radiant,6.0,51.0,87.0,40.0,22.0,43.0,70.0,5.0,123.0,98.0,4.0,6.0,3.0
7094570122.0,Radiant,69.0,100.0,102.0,9.0,39.0,62.0,19.0,43.0,109.0,35.0,7.0,6.0,4.0
7094551627.0,Dire,21.0,27.0,31.0,43.0,1.0,84.0,20.0,75.0,9.0,28.0,10.0,6.0,6.0
7094548311.0,Radiant,86.0,32.0,91.0,102.0,55.0,72.0,105.0,136.0,129.0,21.0,17.0,2.0,4.0
7094527537.0,Radiant,90.0,3.0,104.0,67.0,43.0,85.0,88.0,71.0,13.0,95.0,3.0,6.0,6.0
7094525348.0,Dire,75.0,76.0,7.0,114.0,65.0,119.0,61.0,32.0,31.0,70.0,4.0,6.0,6.0
7094512865.0,Dire,9.0,51.0,119.0,30.0,136.0,5.0,19.0,128.0,60.0,101.0,7.0,5.0,6.0
7094507863.0,Dire,62.0,86.0,123.0,1.0,98.0,129.0,14.0,103.0,105.0,71.0,13.0,4.0,6.0
7094495612.0,Dire,19.0,128.0,75.0,93.0,120.0,58.0,17.0,29.0,9.0,80.0,3.0,0.0,6.0
7094491836.0,Dire,119.0,19.0,137.0,75.0,6.0,87.0,105.0,38.0,59.0,16.0,8.0,4.0,6.0
7094474176.0,Dire,87.0,19.0,1.0,77.0,36.0,86.0,62.0,123.0,136.0,120.0,9.0,4.0,6.0
7094473375.0,Radiant,17.0,75.0,29.0,35.0,102.0,86.0,121.0,81.0,67.0,52.0,8.0,6.0,3.0
7094466520.0,Radiant,64.0,106.0,101.0,109.0,2.0,86.0,31.0,96.0,6.0,98.0,9.0,6.0,6.0
7094453259.0,Radiant,43.0,19.0,87.0,17.0,12.0,85.0,10.0,128.0,100.0,106.0,4.0,6.0,4.0
7094448528.0,Dire,79.0,97.0,23.0,19.0,11.0,86.0,5.0,120.0,69.0,109.0,10.0,4.0,6.0
7094431591.0,Radiant,87.0,7.0,135.0,20.0,17.0,72.0,45.0,97.0,44.0,5.0,11.0,6.0,4.0
7094415858.0,Radiant,83.0,72.0,16.0,48.0,17.0,107.0,87.0,69.0,54.0,76.0,6.0,6.0,5.0
7094411475.0,Radiant,87.0,9.0,1.0,137.0,96.0,85.0,53.0,19.0,6.0,59.0,13.0,0.0,4.0
7094406796.0,Radiant,2.0,64.0,119.0,13.0,6.0,85.0,93.0,52.0,86.0,135.0,8.0,6.0,1.0
7094403536.0,Radiant,87.0,1.0,29.0,31.0,23.0,86.0,64.0,11.0,38.0,60.0,1.0,6.0,4.0
7094401069.0,Radiant,30.0,9.0,20.0,129.0,26.0,101.0,71.0,100.0,10.0,106.0,13.0,6.0,4.0
7094380555.0,Radiant,121.0,86.0,71.0,109.0,25.0,87.0,111.0,32.0,114.0,11.0,2.0,6.0,4.0
7094374646.0,Dire,87.0,17.0,85.0,6.0,77.0,38.0,86.0,106.0,67.0,66.0,4.0,6.0,6.0
7094374252.0,Dire,86.0,106.0,93.0,100.0,79.0,19.0,77.0,31.0,1.0,32.0,12.0,4.0,6.0
7094370097.0,Radiant,75.0,31.0,29.0,32.0,76.0,100.0,21.0,87.0,8.0,39.0,10.0,6.0,3.0
7094354243.0,Radiant,64.0,70.0,106.0,9.0,2.0,104.0,105.0,31.0,36.0,10.0,13.0,6.0,4.0
7094350991.0,Radiant,111.0,1.0,75.0,38.0,128.0,87.0,26.0,81.0,44.0,7.0,5.0,6.0,2.0
7094343666.0,Radiant,100.0,64.0,103.0,9.0,48.0,31.0,123.0,120.0,18.0,14.0,7.0,6.0,4.0
7094323021.0,Radiant,64.0,63.0,19.0,46.0,104.0,111.0,1.0,38.0,75.0,128.0,5.0,6.0,4.0
7094317040.0,Dire,101.0,63.0,135.0,64.0,25.0,87.0,128.0,103.0,6.0,9.0,11.0,4.0,6.0
7094299936.0,Radiant,86.0,38.0,85.0,120.0,54.0,87.0,53.0,14.0,128.0,23.0,5.0,6.0,0.0
7094253615.0,Radiant,43.0,87.0,10.0,86.0,120.0,83.0,53.0,9.0,49.0,13.0,7.0,6.0,0.0
7094223820.0,Radiant,53.0,87.0,83.0,13.0,136.0,91.0,30.0,128.0,17.0,41.0,8.0,6.0,1.0
7094184755.0,Radiant,128.0,137.0,75.0,49.0,14.0,51.0,106.0,55.0,87.0,41.0,5.0,6.0,0.0
7094171929.0,Radiant,137.0,128.0,75.0,49.0,14.0,51.0,106.0,87.0,55.0,41.0,0.0,6.0,2.0
7094171125.0,Dire,69.0,19.0,123.0,64.0,95.0,106.0,101.0,75.0,42.0,98.0,4.0,6.0,6.0
7094138508.0,Dire,87.0,100.0,17.0,23.0,135.0,51.0,120.0,64.0,33.0,80.0,7.0,0.0,6.0
7094137386.0,Dire,87.0,96.0,123.0,74.0,6.0,19.0,106.0,42.0,64.0,69.0,7.0,2.0,6.0
7094126909.0,Dire,86.0,9.0,11.0,39.0,97.0,100.0,135.0,19.0,6.0,59.0,4.0,6.0,6.0
7094124037.0,Radiant,38.0,64.0,123.0,46.0,54.0,78.0,86.0,74.0,100.0,10.0,10.0,6.0,0.0
7094100440.0,Radiant,5.0,123.0,106.0,6.0,135.0,100.0,128.0,96.0,95.0,35.0,2.0,6.0,6.0
7094097241.0,Dire,19.0,106.0,9.0,4.0,123.0,38.0,87.0,105.0,49.0,46.0,8.0,2.0,6.0
7094073664.0,Dire,19.0,128.0,5.0,4.0,22.0,114.0,43.0,75.0,29.0,86.0,8.0,2.0,6.0
7094060075.0,Radiant,85.0,65.0,5.0,70.0,86.0,38.0,101.0,64.0,21.0,73.0,24.0,0.0,4.0
7094052970.0,Dire,58.0,71.0,136.0,48.0,23.0,128.0,30.0,83.0,95.0,35.0,4.0,4.0,6.0
7094019690.0,Radiant,87.0,93.0,49.0,101.0,106.0,86.0,53.0,5.0,1.0,16.0,20.0,6.0,2.0
7094008980.0,Radiant,106.0,9.0,51.0,11.0,45.0,86.0,49.0,69.0,75.0,6.0,2.0,6.0,0.0
7094008353.0,Dire,128.0,100.0,110.0,11.0,17.0,85.0,71.0,98.0,35.0,13.0,8.0,4.0,6.0
7094006868.0,Radiant,128.0,114.0,106.0,85.0,95.0,83.0,52.0,48.0,86.0,136.0,8.0,6.0,4.0
7093952315.0,Dire,110.0,100.0,76.0,50.0,41.0,86.0,128.0,7.0,87.0,48.0,8.0,4.0,6.0
7094491836.0,Dire,119.0,19.0,137.0,75.0,6.0,87.0,105.0,38.0,59.0,16.0,8.0,4.0,6.0
7094474176.0,Dire,87.0,19.0,1.0,77.0,36.0,86.0,62.0,123.0,136.0,120.0,9.0,4.0,6.0
7094473375.0,Radiant,17.0,75.0,29.0,35.0,102.0,86.0,121.0,81.0,67.0,52.0,8.0,6.0,3.0
7094466520.0,Radiant,64.0,106.0,101.0,109.0,2.0,86.0,31.0,96.0,6.0,98.0,9.0,6.0,6.0
7094453259.0,Radiant,43.0,19.0,87.0,17.0,12.0,85.0,10.0,128.0,100.0,106.0,4.0,6.0,4.0
7094448528.0,Dire,79.0,97.0,23.0,19.0,11.0,86.0,5.0,120.0,69.0,109.0,10.0,4.0,6.0
7094431591.0,Radiant,87.0,7.0,135.0,20.0,17.0,72.0,45.0,97.0,44.0,5.0,11.0,6.0,4.0
7094415858.0,Radiant,83.0,72.0,16.0,48.0,17.0,107.0,87.0,69.0,54.0,76.0,6.0,6.0,5.0
7094411475.0,Radiant,87.0,9.0,1.0,137.0,96.0,85.0,53.0,19.0,6.0,59.0,13.0,0.0,4.0
7094406796.0,Radiant,2.0,64.0,119.0,13.0,6.0,85.0,93.0,52.0,86.0,135.0,8.0,6.0,1.0
7094403536.0,Radiant,87.0,1.0,29.0,31.0,23.0,86.0,64.0,11.0,38.0,60.0,1.0,6.0,4.0
7094401069.0,Radiant,30.0,9.0,20.0,129.0,26.0,101.0,71.0,100.0,10.0,106.0,13.0,6.0,4.0
7094380555.0,Radiant,121.0,86.0,71.0,109.0,25.0,87.0,111.0,32.0,114.0,11.0,2.0,6.0,4.0
7094374646.0,Dire,87.0,17.0,85.0,6.0,77.0,38.0,86.0,106.0,67.0,66.0,4.0,6.0,6.0
7094374252.0,Dire,86.0,106.0,93.0,100.0,79.0,19.0,77.0,31.0,1.0,32.0,12.0,4.0,6.0
7094370097.0,Radiant,75.0,31.0,29.0,32.0,76.0,100.0,21.0,87.0,8.0,39.0,10.0,6.0,3.0
7094354243.0,Radiant,64.0,70.0,106.0,9.0,2.0,104.0,105.0,31.0,36.0,10.0,13.0,6.0,4.0
7094350991.0,Radiant,111.0,1.0,75.0,38.0,128.0,87.0,26.0,81.0,44.0,7.0,5.0,6.0,2.0
7094343666.0,Radiant,100.0,64.0,103.0,9.0,48.0,31.0,123.0,120.0,18.0,14.0,7.0,6.0,4.0
7094323021.0,Radiant,64.0,63.0,19.0,46.0,104.0,111.0,1.0,38.0,75.0,128.0,5.0,6.0,4.0
7094317040.0,Dire,101.0,63.0,135.0,64.0,25.0,87.0,128.0,103.0,6.0,9.0,11.0,4.0,6.0
7094299936.0,Radiant,86.0,38.0,85.0,120.0,54.0,87.0,53.0,14.0,128.0,23.0,5.0,6.0,0.0
7094253615.0,Radiant,43.0,87.0,10.0,86.0,120.0,83.0,53.0,9.0,49.0,13.0,7.0,6.0,0.0
7094223820.0,Radiant,53.0,87.0,83.0,13.0,136.0,91.0,30.0,128.0,17.0,41.0,8.0,6.0,1.0
7094184755.0,Radiant,128.0,137.0,75.0,49.0,14.0,51.0,106.0,55.0,87.0,41.0,5.0,6.0,0.0
7094171929.0,Radiant,137.0,128.0,75.0,49.0,14.0,51.0,106.0,87.0,55.0,41.0,0.0,6.0,2.0
7094171125.0,Dire,69.0,19.0,123.0,64.0,95.0,106.0,101.0,75.0,42.0,98.0,4.0,6.0,6.0
7094138508.0,Dire,87.0,100.0,17.0,23.0,135.0,51.0,120.0,64.0,33.0,80.0,7.0,0.0,6.0
7094137386.0,Dire,87.0,96.0,123.0,74.0,6.0,19.0,106.0,42.0,64.0,69.0,7.0,2.0,6.0
7094126909.0,Dire,86.0,9.0,11.0,39.0,97.0,100.0,135.0,19.0,6.0,59.0,4.0,6.0,6.0
7094124037.0,Radiant,38.0,64.0,123.0,46.0,54.0,78.0,86.0,74.0,100.0,10.0,10.0,6.0,0.0
7094100440.0,Radiant,5.0,123.0,106.0,6.0,135.0,100.0,128.0,96.0,95.0,35.0,2.0,6.0,6.0
7094097241.0,Dire,19.0,106.0,9.0,4.0,123.0,38.0,87.0,105.0,49.0,46.0,8.0,2.0,6.0
7094073664.0,Dire,19.0,128.0,5.0,4.0,22.0,114.0,43.0,75.0,29.0,86.0,8.0,2.0,6.0
7094060075.0,Radiant,85.0,65.0,5.0,70.0,86.0,38.0,101.0,64.0,21.0,73.0,24.0,0.0,4.0
7094052970.0,Dire,58.0,71.0,136.0,48.0,23.0,128.0,30.0,83.0,95.0,35.0,4.0,4.0,6.0
7094019690.0,Radiant,87.0,93.0,49.0,101.0,106.0,86.0,53.0,5.0,1.0,16.0,20.0,6.0,2.0
7094008980.0,Radiant,106.0,9.0,51.0,11.0,45.0,86.0,49.0,69.0,75.0,6.0,2.0,6.0,0.0
7094008353.0,Dire,128.0,100.0,110.0,11.0,17.0,85.0,71.0,98.0,35.0,13.0,8.0,4.0,6.0
7094006868.0,Radiant,128.0,114.0,106.0,85.0,95.0,83.0,52.0,48.0,86.0,136.0,8.0,6.0,4.0
7093952315.0,Dire,110.0,100.0,76.0,50.0,41.0,86.0,128.0,7.0,87.0,48.0,8.0,4.0,6.0
7093941807.0,Dire,53.0,51.0,58.0,114.0,49.0,86.0,98.0,10.0,62.0,106.0,4.0,3.0,6.0
7093920918.0,Radiant,86.0,32.0,64.0,136.0,19.0,58.0,53.0,5.0,60.0,14.0,20.0,4.0,4.0
7093865625.0,Dire,87.0,53.0,19.0,17.0,4.0,86.0,64.0,137.0,114.0,135.0,7.0,4.0,6.0
7093863599.0,Dire,105.0,123.0,76.0,104.0,10.0,86.0,135.0,110.0,30.0,46.0,8.0,3.0,6.0
7093860665.0,Dire,85.0,109.0,38.0,105.0,106.0,77.0,128.0,64.0,53.0,22.0,6.0,2.0,6.0
7093853790.0,Radiant,58.0,137.0,17.0,1.0,101.0,128.0,53.0,5.0,70.0,43.0,3.0,6.0,6.0
7093801343.0,Dire,69.0,53.0,114.0,64.0,4.0,83.0,76.0,32.0,93.0,104.0,10.0,0.0,6.0
7093791688.0,Radiant,101.0,77.0,64.0,23.0,54.0,62.0,89.0,25.0,112.0,29.0,9.0,6.0,6.0
7093781795.0,Radiant,53.0,86.0,51.0,111.0,102.0,85.0,38.0,9.0,17.0,81.0,1.0,6.0,2.0
7093781440.0,Dire,19.0,37.0,136.0,93.0,120.0,64.0,85.0,69.0,54.0,106.0,3.0,4.0,6.0
7093769832.0,Radiant,58.0,1.0,128.0,19.0,55.0,61.0,114.0,13.0,102.0,109.0,2.0,6.0,3.0
7093726950.0,Dire,86.0,62.0,69.0,32.0,110.0,87.0,38.0,101.0,74.0,73.0,10.0,4.0,6.0
7093723021.0,Dire,58.0,21.0,51.0,70.0,80.0,100.0,106.0,1.0,83.0,32.0,4.0,4.0,6.0
7093711962.0,Dire,64.0,83.0,69.0,17.0,6.0,86.0,98.0,30.0,48.0,106.0,7.0,4.0,6.0
7093660126.0,Dire,61.0,123.0,106.0,75.0,69.0,5.0,49.0,128.0,10.0,129.0,5.0,0.0,6.0
7093642109.0,Radiant,69.0,68.0,41.0,128.0,120.0,52.0,85.0,71.0,40.0,114.0,10.0,6.0,6.0
7093632576.0,Dire,86.0,114.0,49.0,64.0,21.0,123.0,32.0,51.0,47.0,69.0,11.0,6.0,6.0
7093604441.0,Radiant,137.0,69.0,121.0,45.0,14.0,38.0,58.0,64.0,80.0,120.0,6.0,6.0,4.0
7092611982.0,Radiant,49.0,9.0,22.0,137.0,10.0,86.0,98.0,11.0,85.0,95.0,11.0,6.0,0.0
7092554144.0,Radiant,120.0,128.0,83.0,114.0,96.0,86.0,46.0,29.0,75.0,102.0,5.0,6.0,0.0
7092552500.0,Dire,37.0,51.0,49.0,42.0,23.0,22.0,78.0,64.0,35.0,63.0,8.0,5.0,6.0
7092529879.0,Dire,9.0,19.0,128.0,54.0,32.0,114.0,106.0,96.0,86.0,105.0,11.0,0.0,6.0
7092496084.0,Dire,123.0,80.0,58.0,49.0,128.0,86.0,31.0,96.0,81.0,59.0,7.0,6.0,6.0
7092476909.0,Dire,38.0,87.0,110.0,135.0,46.0,86.0,77.0,81.0,9.0,32.0,11.0,0.0,5.0
7092472727.0,Dire,64.0,137.0,106.0,9.0,81.0,53.0,85.0,108.0,86.0,69.0,9.0,0.0,6.0
7092414987.0,Radiant,53.0,100.0,17.0,91.0,104.0,86.0,85.0,135.0,52.0,6.0,8.0,6.0,2.0
7092408998.0,Dire,86.0,19.0,93.0,22.0,38.0,64.0,26.0,11.0,137.0,4.0,6.0,5.0,6.0
7092400222.0,Dire,41.0,34.0,113.0,63.0,56.0,26.0,73.0,89.0,69.0,88.0,0.0,2.0,6.0
7092388258.0,Dire,46.0,84.0,123.0,120.0,104.0,53.0,65.0,135.0,114.0,128.0,8.0,2.0,6.0
7092364831.0,Radiant,86.0,76.0,96.0,50.0,73.0,71.0,128.0,9.0,54.0,13.0,7.0,6.0,4.0
7092357486.0,Radiant,47.0,126.0,20.0,31.0,79.0,82.0,96.0,26.0,43.0,40.0,0.0,4.0,4.0
7092336418.0,Radiant,75.0,137.0,110.0,32.0,11.0,96.0,86.0,100.0,54.0,84.0,11.0,6.0,4.0
7092319074.0,Dire,69.0,75.0,119.0,6.0,23.0,86.0,10.0,120.0,84.0,137.0,4.0,6.0,6.0
7092304320.0,Dire,31.0,93.0,36.0,123.0,69.0,62.0,86.0,3.0,45.0,11.0,7.0,4.0,6.0
7092290504.0,Radiant,85.0,13.0,109.0,38.0,9.0,120.0,86.0,27.0,89.0,137.0,1.0,6.0,0.0
7092232468.0,Radiant,9.0,119.0,96.0,109.0,74.0,86.0,64.0,49.0,48.0,53.0,4.0,6.0,4.0
7092231096.0,Dire,5.0,96.0,123.0,44.0,22.0,87.0,38.0,105.0,73.0,74.0,10.0,0.0,6.0
7092161006.0,Radiant,96.0,63.0,64.0,73.0,19.0,83.0,1.0,86.0,137.0,43.0,8.0,6.0,4.0
7092145591.0,Radiant,86.0,69.0,75.0,106.0,46.0,49.0,9.0,91.0,52.0,70.0,6.0,6.0,0.0
7092054348.0,Radiant,19.0,93.0,83.0,74.0,47.0,86.0,137.0,76.0,69.0,68.0,8.0,6.0,4.0
7092015641.0,Radiant,38.0,105.0,5.0,4.0,114.0,58.0,77.0,93.0,86.0,106.0,9.0,6.0,2.0
7092005722.0,Dire,9.0,89.0,100.0,43.0,19.0,61.0,86.0,64.0,17.0,1.0,8.0,6.0,4.0
7091960378.0,Dire,32.0,86.0,71.0,70.0,137.0,87.0,96.0,101.0,19.0,73.0,13.0,6.0,6.0
7091888471.0,Dire,86.0,69.0,87.0,21.0,81.0,43.0,70.0,105.0,5.0,13.0,7.0,3.0,6.0
7091886183.0,Radiant,9.0,49.0,86.0,1.0,22.0,58.0,98.0,85.0,6.0,32.0,4.0,6.0,4.0
7091855568.0,Dire,92.0,75.0,51.0,25.0,60.0,86.0,77.0,83.0,52.0,67.0,10.0,1.0,6.0
7091829682.0,Radiant,69.0,20.0,30.0,42.0,39.0,5.0,114.0,15.0,21.0,10.0,10.0,6.0,6.0
7091815682.0,Dire,38.0,86.0,110.0,70.0,43.0,58.0,93.0,119.0,29.0,74.0,6.0,6.0,6.0
7091806551.0,Dire,4.0,92.0,5.0,96.0,47.0,43.0,106.0,87.0,19.0,54.0,9.0,4.0,6.0
7091774578.0,Dire,137.0,87.0,38.0,10.0,100.0,22.0,88.0,20.0,81.0,46.0,6.0,4.0,6.0
7091762730.0,Radiant,86.0,93.0,31.0,69.0,126.0,62.0,87.0,105.0,90.0,1.0,8.0,6.0,6.0
7091757520.0,Dire,38.0,93.0,91.0,19.0,102.0,92.0,2.0,75.0,51.0,137.0,6.0,4.0,6.0
7091744982.0,Radiant,87.0,38.0,31.0,59.0,93.0,86.0,14.0,64.0,69.0,35.0,3.0,6.0,6.0
7091740685.0,Radiant,100.0,64.0,6.0,121.0,49.0,71.0,31.0,128.0,41.0,22.0,9.0,6.0,4.0
7091738790.0,Radiant,53.0,103.0,87.0,22.0,77.0,86.0,65.0,19.0,33.0,46.0,3.0,6.0,2.0
7091724772.0,Dire,86.0,51.0,71.0,17.0,12.0,14.0,9.0,38.0,120.0,70.0,6.0,2.0,6.0
7091711077.0,Radiant,50.0,70.0,21.0,96.0,105.0,86.0,77.0,17.0,3.0,44.0,10.0,6.0,0.0
7091693707.0,Radiant,64.0,100.0,54.0,33.0,52.0,19.0,84.0,128.0,18.0,20.0,10.0,6.0,2.0
7091680990.0,Dire,137.0,87.0,58.0,89.0,74.0,114.0,59.0,70.0,31.0,38.0,7.0,5.0,6.0
7091661738.0,Radiant,9.0,19.0,11.0,135.0,17.0,87.0,69.0,58.0,41.0,106.0,5.0,6.0,2.0
7091661394.0,Radiant,100.0,75.0,54.0,39.0,28.0,21.0,86.0,106.0,43.0,93.0,11.0,6.0,4.0
7091659794.0,Radiant,123.0,62.0,41.0,128.0,106.0,100.0,4.0,87.0,70.0,50.0,9.0,6.0,6.0
7091659649.0,Radiant,86.0,77.0,13.0,87.0,14.0,50.0,32.0,123.0,136.0,71.0,12.0,6.0,0.0
7091637140.0,Dire,77.0,128.0,31.0,1.0,98.0,86.0,70.0,66.0,97.0,19.0,7.0,2.0,6.0
7091618922.0,Dire,21.0,50.0,25.0,49.0,52.0,7.0,20.0,85.0,11.0,65.0,11.0,2.0,6.0
7091615439.0,Dire,106.0,110.0,74.0,76.0,53.0,86.0,87.0,120.0,109.0,96.0,8.0,5.0,6.0
7091612752.0,Dire,85.0,17.0,119.0,109.0,61.0,102.0,87.0,59.0,62.0,32.0,7.0,3.0,6.0
7091612631.0,Dire,58.0,38.0,136.0,80.0,49.0,69.0,9.0,87.0,89.0,90.0,6.0,2.0,6.0
7091590906.0,Dire,19.0,111.0,9.0,70.0,43.0,64.0,51.0,97.0,44.0,74.0,6.0,4.0,6.0
7091583274.0,Radiant,49.0,86.0,64.0,77.0,81.0,85.0,43.0,35.0,19.0,129.0,4.0,6.0,2.0
7091573432.0,Dire,3.0,72.0,69.0,12.0,39.0,19.0,119.0,53.0,43.0,90.0,9.0,2.0,6.0
7091562512.0,Radiant,102.0,86.0,68.0,41.0,90.0,5.0,93.0,16.0,101.0,69.0,9.0,6.0,3.0
7091557727.0,Dire,87.0,72.0,41.0,96.0,13.0,64.0,19.0,21.0,81.0,103.0,9.0,2.0,6.0
7091557701.0,Radiant,9.0,69.0,123.0,89.0,39.0,87.0,38.0,10.0,86.0,120.0,7.0,2.0,0.0
7091552782.0,Radiant,64.0,65.0,82.0,113.0,61.0,128.0,66.0,111.0,114.0,30.0,0.0,4.0,4.0
7091530249.0,Dire,87.0,38.0,86.0,54.0,100.0,72.0,49.0,128.0,46.0,52.0,7.0,4.0,6.0
7091529203.0,Dire,135.0,30.0,58.0,44.0,106.0,27.0,31.0,11.0,39.0,46.0,5.0,4.0,6.0
7091516485.0,Dire,123.0,32.0,135.0,39.0,10.0,86.0,102.0,128.0,65.0,4.0,9.0,2.0,6.0
7090464074.0,Radiant,58.0,38.0,91.0,52.0,93.0,69.0,128.0,72.0,1.0,25.0,1.0,6.0,4.0
7090450350.0,Radiant,69.0,51.0,37.0,55.0,82.0,53.0,9.0,106.0,100.0,18.0,6.0,6.0,0.0
7090443401.0,Dire,137.0,9.0,91.0,11.0,69.0,53.0,51.0,52.0,119.0,70.0,4.0,4.0,6.0
7090405204.0,Radiant,87.0,96.0,123.0,1.0,65.0,86.0,77.0,100.0,46.0,83.0,9.0,6.0,4.0
7090380824.0,Radiant,38.0,58.0,103.0,54.0,22.0,87.0,6.0,137.0,83.0,28.0,3.0,6.0,0.0
7090376693.0,Dire,53.0,85.0,120.0,6.0,100.0,19.0,33.0,106.0,87.0,35.0,6.0,2.0,6.0
7090371418.0,Dire,58.0,120.0,29.0,123.0,73.0,38.0,128.0,5.0,32.0,54.0,4.0,0.0,6.0
7090370066.0,Radiant,71.0,62.0,87.0,4.0,76.0,114.0,86.0,43.0,46.0,11.0,5.0,6.0,6.0
7090340391.0,Dire,96.0,128.0,101.0,70.0,5.0,87.0,106.0,86.0,62.0,54.0,12.0,2.0,6.0
7090329293.0,Dire,101.0,129.0,31.0,76.0,1.0,27.0,45.0,39.0,42.0,46.0,4.0,4.0,6.0
7090309520.0,Dire,114.0,86.0,43.0,120.0,54.0,83.0,96.0,119.0,106.0,6.0,11.0,4.0,2.0
7090296394.0,Radiant,86.0,27.0,51.0,67.0,43.0,111.0,19.0,96.0,54.0,22.0,7.0,6.0,6.0
7090283777.0,Dire,53.0,60.0,86.0,7.0,120.0,38.0,58.0,128.0,46.0,4.0,9.0,0.0,4.0
7090283233.0,Dire,101.0,49.0,5.0,53.0,19.0,58.0,93.0,86.0,43.0,29.0,3.0,4.0,6.0
7090278536.0,Dire,58.0,120.0,46.0,51.0,90.0,69.0,9.0,98.0,49.0,41.0,6.0,0.0,2.0
7090269663.0,Radiant,86.0,76.0,9.0,98.0,60.0,51.0,77.0,6.0,123.0,100.0,5.0,6.0,4.0
7090265209.0,Radiant,86.0,50.0,137.0,17.0,63.0,5.0,30.0,43.0,120.0,114.0,9.0,6.0,6.0
7090261316.0,Dire,9.0,135.0,121.0,44.0,52.0,75.0,21.0,54.0,49.0,126.0,7.0,4.0,6.0
7090236019.0,Radiant,87.0,128.0,86.0,102.0,67.0,101.0,49.0,64.0,19.0,44.0,10.0,6.0,4.0
7090235373.0,Radiant,128.0,114.0,137.0,123.0,17.0,98.0,87.0,19.0,95.0,121.0,6.0,6.0,6.0
7090229349.0,Radiant,5.0,8.0,97.0,22.0,16.0,9.0,58.0,100.0,7.0,95.0,3.0,6.0,4.0
7090228317.0,Dire,53.0,89.0,100.0,87.0,17.0,136.0,92.0,48.0,106.0,14.0,9.0,0.0,6.0
7090223691.0,Dire,137.0,85.0,114.0,102.0,101.0,86.0,106.0,97.0,64.0,10.0,5.0,2.0,6.0
7090217024.0,Radiant,119.0,71.0,22.0,86.0,73.0,100.0,128.0,81.0,120.0,42.0,13.0,6.0,4.0
7090198005.0,Radiant,86.0,6.0,38.0,64.0,74.0,83.0,43.0,100.0,35.0,120.0,5.0,6.0,6.0
7090194898.0,Radiant,86.0,135.0,5.0,6.0,76.0,128.0,11.0,87.0,18.0,35.0,8.0,6.0,4.0
7090178207.0,Radiant,58.0,128.0,96.0,48.0,76.0,10.0,71.0,21.0,85.0,17.0,7.0,6.0,4.0
7090177001.0,Dire,7.0,98.0,51.0,11.0,39.0,58.0,69.0,100.0,46.0,120.0,11.0,2.0,6.0
7090174041.0,Radiant,53.0,51.0,110.0,52.0,4.0,19.0,69.0,137.0,121.0,6.0,8.0,6.0,2.0
7090159440.0,Dire,21.0,87.0,93.0,7.0,45.0,30.0,128.0,100.0,46.0,71.0,9.0,4.0,6.0
7090142424.0,Radiant,62.0,86.0,22.0,95.0,71.0,135.0,5.0,35.0,60.0,59.0,12.0,6.0,0.0
7090138990.0,Dire,19.0,55.0,106.0,9.0,82.0,53.0,51.0,75.0,114.0,69.0,3.0,6.0,6.0
7090136993.0,Dire,61.0,87.0,106.0,50.0,80.0,5.0,17.0,19.0,93.0,29.0,3.0,6.0,6.0
7090129218.0,Dire,9.0,111.0,96.0,93.0,39.0,21.0,31.0,129.0,10.0,106.0,10.0,2.0,6.0
7090106041.0,Radiant,38.0,9.0,91.0,70.0,19.0,86.0,98.0,75.0,106.0,60.0,5.0,6.0,5.0
7090104798.0,Radiant,19.0,11.0,51.0,90.0,55.0,69.0,114.0,58.0,10.0,39.0,2.0,6.0,3.0
7090102940.0,Radiant,123.0,37.0,98.0,46.0,128.0,84.0,54.0,7.0,104.0,13.0,7.0,6.0,4.0
7090099453.0,Dire,64.0,9.0,135.0,48.0,100.0,31.0,101.0,32.0,44.0,13.0,9.0,2.0,6.0
7090073518.0,Dire,84.0,44.0,17.0,28.0,21.0,123.0,37.0,2.0,1.0,128.0,3.0,6.0,6.0
7090072033.0,Radiant,87.0,129.0,79.0,11.0,22.0,19.0,101.0,49.0,41.0,123.0,7.0,6.0,3.0
7090067812.0,Dire,61.0,86.0,106.0,75.0,10.0,5.0,98.0,17.0,88.0,73.0,5.0,6.0,6.0
7090034088.0,Dire,43.0,137.0,128.0,98.0,70.0,53.0,51.0,9.0,106.0,69.0,7.0,0.0,6.0
7089998206.0,Radiant,87.0,120.0,51.0,10.0,98.0,100.0,106.0,85.0,6.0,108.0,6.0,6.0,2.0
7089965921.0,Dire,87.0,106.0,128.0,89.0,77.0,100.0,11.0,75.0,30.0,4.0,1.0,0.0,6.0
7089944331.0,Radiant,105.0,137.0,53.0,58.0,120.0,64.0,86.0,49.0,81.0,25.0,11.0,6.0,2.0
7089942988.0,Radiant,9.0,98.0,32.0,80.0,8.0,106.0,87.0,55.0,51.0,109.0,7.0,6.0,4.0
7089924345.0,Radiant,85.0,20.0,8.0,25.0,69.0,86.0,128.0,110.0,120.0,114.0,5.0,6.0,4.0
7089904171.0,Dire,49.0,9.0,31.0,98.0,73.0,106.0,102.0,128.0,51.0,48.0,7.0,0.0,6.0
7089901225.0,Radiant,86.0,110.0,137.0,85.0,56.0,128.0,87.0,81.0,13.0,98.0,5.0,6.0,4.0
7089898234.0,Radiant,37.0,35.0,52.0,98.0,26.0,100.0,128.0,86.0,5.0,10.0,9.0,6.0,4.0
7089893324.0,Radiant,31.0,6.0,11.0,2.0,105.0,100.0,33.0,137.0,30.0,48.0,10.0,6.0,5.0
7089874888.0,Dire,14.0,86.0,84.0,109.0,76.0,49.0,26.0,98.0,30.0,95.0,9.0,4.0,6.0
7089872179.0,Dire,14.0,123.0,120.0,26.0,10.0,30.0,83.0,80.0,97.0,52.0,11.0,4.0,6.0
7089869828.0,Radiant,123.0,128.0,85.0,54.0,35.0,87.0,21.0,137.0,95.0,10.0,4.0,6.0,4.0
7089842643.0,Radiant,26.0,38.0,83.0,46.0,52.0,114.0,120.0,9.0,29.0,89.0,8.0,0.0,0.0
7089836887.0,Dire,64.0,86.0,49.0,54.0,32.0,43.0,123.0,85.0,137.0,95.0,5.0,2.0,6.0
7089788265.0,Dire,22.0,129.0,109.0,5.0,19.0,91.0,136.0,51.0,13.0,47.0,8.0,4.0,6.0
7089775308.0,Dire,9.0,51.0,53.0,49.0,81.0,86.0,69.0,106.0,119.0,10.0,3.0,6.0,6.0
7089760943.0,Radiant,51.0,87.0,13.0,70.0,92.0,83.0,120.0,26.0,96.0,95.0,6.0,6.0,0.0
7089734225.0,Radiant,135.0,107.0,86.0,6.0,87.0,62.0,7.0,64.0,70.0,21.0,11.0,6.0,6.0
7088961126.0,Radiant,137.0,53.0,75.0,10.0,19.0,86.0,106.0,71.0,95.0,77.0,12.0,6.0,4.0
7088950328.0,Dire,137.0,65.0,86.0,57.0,93.0,19.0,110.0,106.0,10.0,92.0,1.0,4.0,6.0
7088938802.0,Radiant,98.0,85.0,86.0,46.0,120.0,87.0,96.0,101.0,39.0,94.0,14.0,5.0,4.0
7088935831.0,Dire,105.0,90.0,43.0,11.0,51.0,72.0,106.0,28.0,35.0,100.0,7.0,4.0,6.0
7088897650.0,Dire,86.0,7.0,64.0,48.0,17.0,135.0,85.0,129.0,41.0,65.0,8.0,4.0,6.0
7088878244.0,Radiant,87.0,38.0,136.0,98.0,80.0,85.0,53.0,106.0,26.0,69.0,2.0,6.0,2.0
7088860586.0,Dire,96.0,101.0,5.0,4.0,13.0,87.0,137.0,43.0,100.0,114.0,12.0,0.0,6.0
7088858607.0,Radiant,58.0,38.0,86.0,109.0,13.0,43.0,70.0,5.0,9.0,96.0,3.0,6.0,0.0
7088858126.0,Radiant,75.0,19.0,2.0,44.0,21.0,43.0,26.0,38.0,128.0,10.0,12.0,6.0,4.0
7088830792.0,Dire,86.0,64.0,93.0,38.0,98.0,100.0,87.0,49.0,4.0,123.0,7.0,2.0,6.0
7088792057.0,Dire,5.0,100.0,77.0,42.0,39.0,123.0,86.0,96.0,18.0,35.0,6.0,4.0,6.0
7088783849.0,Radiant,86.0,43.0,64.0,1.0,65.0,96.0,101.0,50.0,32.0,44.0,9.0,6.0,2.0
7088773659.0,Dire,38.0,86.0,100.0,76.0,53.0,69.0,103.0,106.0,9.0,6.0,5.0,3.0,5.0
7088742878.0,Dire,86.0,17.0,37.0,28.0,6.0,43.0,87.0,1.0,7.0,29.0,9.0,0.0,2.0
7088732706.0,Radiant,86.0,87.0,53.0,48.0,25.0,100.0,63.0,69.0,89.0,39.0,4.0,6.0,4.0
7088730021.0,Dire,87.0,54.0,43.0,19.0,25.0,96.0,101.0,123.0,4.0,23.0,9.0,4.0,6.0
7088695913.0,Dire,69.0,5.0,128.0,46.0,108.0,9.0,77.0,120.0,26.0,81.0,3.0,0.0,6.0
7088662885.0,Dire,87.0,38.0,9.0,106.0,54.0,86.0,58.0,17.0,69.0,81.0,4.0,6.0,6.0
7088653751.0,Radiant,100.0,69.0,93.0,87.0,120.0,86.0,102.0,96.0,109.0,13.0,10.0,2.0,4.0
7088631903.0,Dire,87.0,128.0,93.0,19.0,76.0,96.0,100.0,123.0,4.0,45.0,11.0,0.0,6.0
7088602409.0,Dire,9.0,61.0,27.0,70.0,11.0,58.0,69.0,114.0,87.0,106.0,5.0,2.0,6.0
7088587716.0,Radiant,71.0,21.0,5.0,22.0,35.0,86.0,30.0,69.0,49.0,11.0,4.0,6.0,4.0
7088542141.0,Dire,86.0,114.0,71.0,11.0,49.0,22.0,21.0,5.0,103.0,93.0,6.0,5.0,6.0
7088504529.0,Dire,21.0,5.0,22.0,81.0,6.0,43.0,14.0,87.0,48.0,120.0,4.0,5.0,6.0
7088470969.0,Dire,84.0,63.0,71.0,39.0,35.0,37.0,107.0,49.0,54.0,23.0,4.0,4.0,6.0
7088469371.0,Dire,9.0,29.0,128.0,81.0,106.0,48.0,92.0,136.0,85.0,17.0,7.0,4.0,6.0
7088431610.0,Dire,30.0,107.0,28.0,63.0,32.0,5.0,39.0,72.0,71.0,44.0,7.0,2.0,6.0
7088424139.0,Dire,100.0,128.0,20.0,35.0,19.0,137.0,9.0,58.0,17.0,95.0,7.0,2.0,6.0
7088392290.0,Dire,53.0,32.0,57.0,19.0,15.0,9.0,120.0,64.0,29.0,81.0,5.0,2.0,6.0
7088389546.0,Dire,84.0,19.0,63.0,71.0,67.0,86.0,96.0,121.0,18.0,23.0,10.0,2.0,6.0
7088347027.0,Radiant,38.0,86.0,9.0,46.0,100.0,85.0,11.0,101.0,96.0,106.0,3.0,6.0,3.0
7088315945.0,Radiant,100.0,58.0,120.0,109.0,17.0,52.0,98.0,102.0,86.0,70.0,13.0,6.0,0.0
7088302769.0,Dire,87.0,60.0,58.0,106.0,33.0,9.0,77.0,85.0,43.0,11.0,5.0,0.0,6.0
7088284067.0,Dire,128.0,100.0,52.0,14.0,137.0,86.0,106.0,105.0,61.0,35.0,10.0,4.0,6.0
7088279074.0,Radiant,52.0,32.0,3.0,98.0,93.0,19.0,120.0,86.0,110.0,6.0,8.0,6.0,4.0
7088271756.0,Dire,38.0,120.0,75.0,100.0,41.0,128.0,105.0,101.0,93.0,13.0,8.0,6.0,6.0
7088235933.0,Radiant,5.0,19.0,53.0,106.0,72.0,100.0,120.0,136.0,86.0,33.0,14.0,4.0,0.0
7088234689.0,Radiant,51.0,52.0,58.0,41.0,106.0,128.0,98.0,85.0,39.0,81.0,10.0,6.0,0.0
7088233773.0,Radiant,86.0,137.0,101.0,89.0,29.0,128.0,23.0,92.0,106.0,18.0,7.0,6.0,3.0
7088225853.0,Radiant,85.0,73.0,47.0,100.0,108.0,105.0,106.0,83.0,90.0,74.0,11.0,6.0,2.0
7088200775.0,Dire,100.0,37.0,123.0,109.0,96.0,86.0,102.0,91.0,20.0,120.0,4.0,6.0,6.0
7088173135.0,Dire,43.0,137.0,51.0,34.0,53.0,91.0,4.0,30.0,100.0,14.0,8.0,4.0,6.0
7088148565.0,Radiant,106.0,87.0,51.0,46.0,135.0,114.0,33.0,13.0,128.0,48.0,6.0,6.0,2.0
7088142825.0,Dire,85.0,22.0,49.0,67.0,52.0,27.0,119.0,48.0,106.0,97.0,6.0,4.0,6.0
7088129332.0,Radiant,105.0,19.0,128.0,41.0,60.0,43.0,86.0,83.0,35.0,13.0,7.0,6.0,6.0
7088108921.0,Radiant,86.0,65.0,101.0,104.0,89.0,53.0,19.0,39.0,70.0,137.0,4.0,6.0,6.0
7088061519.0,Dire,136.0,79.0,53.0,35.0,22.0,85.0,86.0,120.0,63.0,17.0,2.0,3.0,6.0
7088052470.0,Dire,87.0,128.0,96.0,106.0,10.0,9.0,23.0,32.0,18.0,55.0,7.0,2.0,6.0
7088047569.0,Dire,9.0,65.0,85.0,6.0,29.0,128.0,83.0,104.0,93.0,101.0,5.0,6.0,6.0
7088046752.0,Dire,128.0,114.0,106.0,77.0,123.0,51.0,52.0,55.0,75.0,95.0,7.0,0.0,2.0
7088038068.0,Radiant,58.0,51.0,17.0,46.0,55.0,53.0,120.0,101.0,64.0,95.0,9.0,6.0,5.0
7087979512.0,Radiant,79.0,9.0,28.0,102.0,35.0,97.0,86.0,109.0,64.0,76.0,5.0,6.0,4.0
7087953177.0,Dire,85.0,90.0,51.0,6.0,120.0,87.0,77.0,17.0,9.0,1.0,2.0,6.0,6.0
7087901257.0,Dire,97.0,136.0,35.0,110.0,76.0,100.0,128.0,9.0,129.0,41.0,4.0,6.0,6.0
7087877329.0,Dire,86.0,85.0,6.0,43.0,7.0,87.0,49.0,105.0,77.0,11.0,4.0,0.0,6.0
7087844840.0,Dire,69.0,9.0,5.0,49.0,42.0,53.0,83.0,13.0,86.0,92.0,6.0,2.0,6.0
7087816432.0,Radiant,9.0,128.0,29.0,42.0,22.0,86.0,85.0,6.0,129.0,52.0,11.0,6.0,4.0
7087815926.0,Dire,94.0,85.0,51.0,43.0,98.0,38.0,101.0,74.0,87.0,54.0,8.0,2.0,6.0
7087783255.0,Radiant,87.0,53.0,62.0,69.0,34.0,58.0,38.0,10.0,22.0,49.0,4.0,6.0,0.0
7087776459.0,Radiant,87.0,109.0,17.0,107.0,77.0,53.0,83.0,22.0,19.0,135.0,5.0,6.0,5.0
